setting,Accuracy,Precision,Recall,F-score,adjAccuracy,adjPrecision,adjRecall,adjF-score
25-03-25_19-33-47anomaly_detection_UCRA_005_UCR_Anomaly_DISTORTEDCIMIS44AirTemperature1_4000_5391_5392.txt_TimeBert_UCRA_ftM_sl40_ll48_pl0_dm512_nh8_el2_dl1_df2048_expand2_dc4_fc1_ebtimeF_dtTrue_test_0,0.9908653846153846,0.0,0.0,0.0,0.9908653846153846,0.0,0.0,0.0
25-03-25_19-33-48anomaly_detection_UCRA_006_UCR_Anomaly_DISTORTEDCIMIS44AirTemperature2_4000_5703_5727.txt_TimeBert_UCRA_ftM_sl40_ll48_pl0_dm512_nh8_el2_dl1_df2048_expand2_dc4_fc1_ebtimeF_dtTrue_test_0,0.984375,0.0,0.0,0.0,0.984375,0.0,0.0,0.0
25-03-25_19-33-49anomaly_detection_UCRA_007_UCR_Anomaly_DISTORTEDCIMIS44AirTemperature3_4000_6520_6544.txt_TimeBert_UCRA_ftM_sl40_ll48_pl0_dm512_nh8_el2_dl1_df2048_expand2_dc4_fc1_ebtimeF_dtTrue_test_0,0.9819711538461539,0.0,0.0,0.0,0.9819711538461539,0.0,0.0,0.0
25-03-25_19-33-48anomaly_detection_UCRA_008_UCR_Anomaly_DISTORTEDCIMIS44AirTemperature4_4000_5549_5597.txt_TimeBert_UCRA_ftM_sl40_ll48_pl0_dm512_nh8_el2_dl1_df2048_expand2_dc4_fc1_ebtimeF_dtTrue_test_0,0.9826923076923076,0.2692307692307692,0.2916666666666667,0.28,0.9908653846153846,0.5581395348837209,1.0,0.7164179104477612
25-03-25_19-33-49anomaly_detection_UCRA_004_UCR_Anomaly_DISTORTEDBIDMC1_2500_5400_5600.txt_TimeBert_UCRA_ftM_sl40_ll48_pl0_dm512_nh8_el2_dl1_df2048_expand2_dc4_fc1_ebtimeF_dtTrue_test_0,0.9555424528301887,0.011049723756906077,0.01,0.010498687664041995,0.9788915094339623,0.5277044854881267,1.0,0.690846286701209
25-03-25_19-33-48anomaly_detection_UCRA_003_UCR_Anomaly_DISTORTED3sddb40_35000_46600_46900.txt_TimeBert_UCRA_ftM_sl40_ll48_pl0_dm512_nh8_el2_dl1_df2048_expand2_dc4_fc1_ebtimeF_dtTrue_test_0,0.9861555555555556,0.03188405797101449,0.03666666666666667,0.034108527131782945,0.9925777777777778,0.47318611987381703,1.0,0.6423982869379015
25-03-25_19-33-49anomaly_detection_UCRA_002_UCR_Anomaly_DISTORTED2sddb40_35000_56600_56900.txt_TimeBert_UCRA_ftM_sl40_ll48_pl0_dm512_nh8_el2_dl1_df2048_expand2_dc4_fc1_ebtimeF_dtTrue_test_0,0.9856666666666667,0.0,0.0,0.0,0.9856666666666667,0.0,0.0,0.0
25-03-25_19-33-50anomaly_detection_UCRA_001_UCR_Anomaly_DISTORTED1sddb40_35000_52000_52620.txt_TimeBert_UCRA_ftM_sl40_ll48_pl0_dm512_nh8_el2_dl1_df2048_expand2_dc4_fc1_ebtimeF_dtTrue_test_0,0.9773011617515639,0.0,0.0,0.0,0.9773011617515639,0.0,0.0,0.0
25-03-25_19-34-15anomaly_detection_UCRA_010_UCR_Anomaly_DISTORTEDCIMIS44AirTemperature6_4000_6006_6054.txt_TimeBert_UCRA_ftM_sl40_ll48_pl0_dm512_nh8_el2_dl1_df2048_expand2_dc4_fc1_ebtimeF_dtTrue_test_0,0.9757211538461539,0.0,0.0,0.0,0.9757211538461539,0.0,0.0,0.0
25-03-25_19-34-15anomaly_detection_UCRA_009_UCR_Anomaly_DISTORTEDCIMIS44AirTemperature5_4000_4852_4900.txt_TimeBert_UCRA_ftM_sl40_ll48_pl0_dm512_nh8_el2_dl1_df2048_expand2_dc4_fc1_ebtimeF_dtTrue_test_0,0.975,0.0,0.0,0.0,0.975,0.0,0.0,0.0
25-03-25_19-34-15anomaly_detection_UCRA_012_UCR_Anomaly_DISTORTEDECG2_15000_16000_16100.txt_TimeBert_UCRA_ftM_sl40_ll48_pl0_dm512_nh8_el2_dl1_df2048_expand2_dc4_fc1_ebtimeF_dtTrue_test_0,0.9818666666666667,0.016853932584269662,0.03,0.02158273381294964,0.9883333333333333,0.36363636363636365,1.0,0.5333333333333333
25-03-25_19-34-15anomaly_detection_UCRA_011_UCR_Anomaly_DISTORTEDECG1_10000_11800_12100.txt_TimeBert_UCRA_ftM_sl40_ll48_pl0_dm512_nh8_el2_dl1_df2048_expand2_dc4_fc1_ebtimeF_dtTrue_test_0,0.97365,0.04048582995951417,0.03333333333333333,0.03656307129798903,0.98815,0.5586592178770949,1.0,0.7168458781362007
25-03-25_19-34-16anomaly_detection_UCRA_013_UCR_Anomaly_DISTORTEDECG3_15000_16000_16100.txt_TimeBert_UCRA_ftM_sl40_ll48_pl0_dm512_nh8_el2_dl1_df2048_expand2_dc4_fc1_ebtimeF_dtTrue_test_0,0.9847333333333333,0.0,0.0,0.0,0.9847333333333333,0.0,0.0,0.0
25-03-25_19-34-24anomaly_detection_UCRA_014_UCR_Anomaly_DISTORTEDECG3_8000_17000_17100.txt_TimeBert_UCRA_ftM_sl40_ll48_pl0_dm512_nh8_el2_dl1_df2048_expand2_dc4_fc1_ebtimeF_dtTrue_test_0,0.9864090909090909,0.0,0.0,0.0,0.9864090909090909,0.0,0.0,0.0
25-03-25_19-34-41anomaly_detection_UCRA_018_UCR_Anomaly_DISTORTEDECG4_8000_17000_17100.txt_TimeBert_UCRA_ftM_sl40_ll48_pl0_dm512_nh8_el2_dl1_df2048_expand2_dc4_fc1_ebtimeF_dtTrue_test_0,0.9865,0.0,0.0,0.0,0.9865,0.0,0.0,0.0
25-03-25_19-34-46anomaly_detection_UCRA_020_UCR_Anomaly_DISTORTEDGP711MarkerLFM5z2_5000_7175_7388.txt_TimeBert_UCRA_ftM_sl40_ll48_pl0_dm512_nh8_el2_dl1_df2048_expand2_dc4_fc1_ebtimeF_dtTrue_test_0,0.9612857142857143,0.0,0.0,0.0,0.9612857142857143,0.0,0.0,0.0
25-03-25_19-34-46anomaly_detection_UCRA_019_UCR_Anomaly_DISTORTEDGP711MarkerLFM5z1_5000_6168_6212.txt_TimeBert_UCRA_ftM_sl40_ll48_pl0_dm512_nh8_el2_dl1_df2048_expand2_dc4_fc1_ebtimeF_dtTrue_test_0,0.98,0.0,0.0,0.0,0.98,0.0,0.0,0.0
25-03-25_19-34-41anomaly_detection_UCRA_016_UCR_Anomaly_DISTORTEDECG4_5000_16900_17100.txt_TimeBert_UCRA_ftM_sl40_ll48_pl0_dm512_nh8_el2_dl1_df2048_expand2_dc4_fc1_ebtimeF_dtTrue_test_0,0.98268,0.012552301255230125,0.015,0.01366742596810934,0.99056,0.45871559633027525,1.0,0.6289308176100629
25-03-25_19-34-41anomaly_detection_UCRA_017_UCR_Anomaly_DISTORTEDECG4_5000_17000_17100.txt_TimeBert_UCRA_ftM_sl40_ll48_pl0_dm512_nh8_el2_dl1_df2048_expand2_dc4_fc1_ebtimeF_dtTrue_test_0,0.98668,0.012552301255230125,0.03,0.017699115044247787,0.99056,0.2976190476190476,1.0,0.45871559633027525
25-03-25_19-34-50anomaly_detection_UCRA_021_UCR_Anomaly_DISTORTEDGP711MarkerLFM5z3_5000_5948_5993.txt_TimeBert_UCRA_ftM_sl40_ll48_pl0_dm512_nh8_el2_dl1_df2048_expand2_dc4_fc1_ebtimeF_dtTrue_test_0,0.986,0.1044776119402985,0.15555555555555556,0.125,0.9914285714285714,0.42857142857142855,1.0,0.6
25-03-25_19-34-54anomaly_detection_UCRA_022_UCR_Anomaly_DISTORTEDGP711MarkerLFM5z4_4000_6527_6645.txt_TimeBert_UCRA_ftM_sl40_ll48_pl0_dm512_nh8_el2_dl1_df2048_expand2_dc4_fc1_ebtimeF_dtTrue_test_0,0.97975,0.23809523809523808,0.1694915254237288,0.19801980198019803,0.992,0.6483516483516484,1.0,0.7866666666666666
25-03-25_19-35-10anomaly_detection_UCRA_024_UCR_Anomaly_DISTORTEDInternalBleeding10_3200_4526_4556.txt_TimeBert_UCRA_ftM_sl40_ll48_pl0_dm512_nh8_el2_dl1_df2048_expand2_dc4_fc1_ebtimeF_dtTrue_test_0,0.9841121495327103,0.0,0.0,0.0,0.9841121495327103,0.0,0.0,0.0
25-03-25_19-35-11anomaly_detection_UCRA_025_UCR_Anomaly_DISTORTEDInternalBleeding14_2800_5607_5634.txt_TimeBert_UCRA_ftM_sl40_ll48_pl0_dm512_nh8_el2_dl1_df2048_expand2_dc4_fc1_ebtimeF_dtTrue_test_0,0.9835470085470085,0.0,0.0,0.0,0.9835470085470085,0.0,0.0,0.0
25-03-25_19-35-10anomaly_detection_UCRA_023_UCR_Anomaly_DISTORTEDGP711MarkerLFM5z5_5000_8612_8716.txt_TimeBert_UCRA_ftM_sl40_ll48_pl0_dm512_nh8_el2_dl1_df2048_expand2_dc4_fc1_ebtimeF_dtTrue_test_0,0.9725714285714285,0.1,0.10576923076923077,0.102803738317757,0.9858571428571429,0.5123152709359606,1.0,0.6775244299674267
25-03-25_19-35-16anomaly_detection_UCRA_028_UCR_Anomaly_DISTORTEDInternalBleeding17_1600_3198_3309.txt_TimeBert_UCRA_ftM_sl40_ll48_pl0_dm512_nh8_el2_dl1_df2048_expand2_dc4_fc1_ebtimeF_dtTrue_test_0,0.9739795918367347,0.28125,0.24324324324324326,0.2608695652173913,0.988265306122449,0.6166666666666667,1.0,0.7628865979381443
25-03-25_19-35-17anomaly_detection_UCRA_027_UCR_Anomaly_DISTORTEDInternalBleeding16_1200_4187_4199.txt_TimeBert_UCRA_ftM_sl40_ll48_pl0_dm512_nh8_el2_dl1_df2048_expand2_dc4_fc1_ebtimeF_dtTrue_test_0,0.9888535031847133,0.09722222222222222,0.5833333333333334,0.16666666666666666,0.9896496815286624,0.15584415584415584,1.0,0.2696629213483146
25-03-25_19-35-17anomaly_detection_UCRA_026_UCR_Anomaly_DISTORTEDInternalBleeding15_1700_5684_5854.txt_TimeBert_UCRA_ftM_sl40_ll48_pl0_dm512_nh8_el2_dl1_df2048_expand2_dc4_fc1_ebtimeF_dtTrue_test_0,0.9622448979591837,0.0,0.0,0.0,0.9622448979591837,0.0,0.0,0.0
25-03-25_19-35-21anomaly_detection_UCRA_029_UCR_Anomaly_DISTORTEDInternalBleeding18_2300_4485_4587.txt_TimeBert_UCRA_ftM_sl40_ll48_pl0_dm512_nh8_el2_dl1_df2048_expand2_dc4_fc1_ebtimeF_dtTrue_test_0,0.9688461538461538,0.016129032258064516,0.00980392156862745,0.012195121951219513,0.9882692307692308,0.6257668711656442,1.0,0.769811320754717
25-03-25_19-34-29anomaly_detection_UCRA_015_UCR_Anomaly_DISTORTEDECG4_5000_16800_17100.txt_TimeBert_UCRA_ftM_sl40_ll48_pl0_dm512_nh8_el2_dl1_df2048_expand2_dc4_fc1_ebtimeF_dtTrue_test_0,0.9884512820512821,0.010040160642570281,0.06666666666666667,0.017452006980802792,0.9898871794871795,0.13204225352112675,1.0,0.2332814930015552
25-03-25_19-35-35anomaly_detection_UCRA_031_UCR_Anomaly_DISTORTEDInternalBleeding20_2700_5759_5919.txt_TimeBert_UCRA_ftM_sl40_ll48_pl0_dm512_nh8_el2_dl1_df2048_expand2_dc4_fc1_ebtimeF_dtTrue_test_0,0.9547916666666667,0.0,0.0,0.0,0.9547916666666667,0.0,0.0,0.0
25-03-25_19-35-36anomaly_detection_UCRA_032_UCR_Anomaly_DISTORTEDInternalBleeding4_1000_4675_5033.txt_TimeBert_UCRA_ftM_sl40_ll48_pl0_dm512_nh8_el2_dl1_df2048_expand2_dc4_fc1_ebtimeF_dtTrue_test_0,0.9397151898734177,0.3230769230769231,0.05865921787709497,0.09929078014184398,0.9930379746835443,0.8905472636815921,1.0,0.9421052631578948
25-03-25_19-35-36anomaly_detection_UCRA_030_UCR_Anomaly_DISTORTEDInternalBleeding19_3000_4187_4197.txt_TimeBert_UCRA_ftM_sl40_ll48_pl0_dm512_nh8_el2_dl1_df2048_expand2_dc4_fc1_ebtimeF_dtTrue_test_0,0.9872767857142857,0.0,0.0,0.0,0.9872767857142857,0.0,0.0,0.0
25-03-25_19-35-40anomaly_detection_UCRA_033_UCR_Anomaly_DISTORTEDInternalBleeding5_4000_6200_6370.txt_TimeBert_UCRA_ftM_sl40_ll48_pl0_dm512_nh8_el2_dl1_df2048_expand2_dc4_fc1_ebtimeF_dtTrue_test_0,0.945,0.22580645161290322,0.041176470588235294,0.06965174129353234,0.9929411764705882,0.8762886597938144,1.0,0.9340659340659341
25-03-25_19-35-45anomaly_detection_UCRA_036_UCR_Anomaly_DISTORTEDInternalBleeding9_4200_6599_6681.txt_TimeBert_UCRA_ftM_sl40_ll48_pl0_dm512_nh8_el2_dl1_df2048_expand2_dc4_fc1_ebtimeF_dtTrue_test_0,0.9670731707317073,0.0,0.0,0.0,0.9670731707317073,0.0,0.0,0.0
25-03-25_19-35-47anomaly_detection_UCRA_035_UCR_Anomaly_DISTORTEDInternalBleeding8_2500_5865_5974.txt_TimeBert_UCRA_ftM_sl40_ll48_pl0_dm512_nh8_el2_dl1_df2048_expand2_dc4_fc1_ebtimeF_dtTrue_test_0,0.9702,0.0,0.0,0.0,0.9702,0.0,0.0,0.0
25-03-25_19-35-47anomaly_detection_UCRA_034_UCR_Anomaly_DISTORTEDInternalBleeding6_1500_3474_3629.txt_TimeBert_UCRA_ftM_sl40_ll48_pl0_dm512_nh8_el2_dl1_df2048_expand2_dc4_fc1_ebtimeF_dtTrue_test_0,0.969281045751634,0.0,0.0,0.0,0.969281045751634,0.0,0.0,0.0
25-03-25_19-35-51anomaly_detection_UCRA_037_UCR_Anomaly_DISTORTEDLab2Cmac011215EPG1_5000_17210_17260.txt_TimeBert_UCRA_ftM_sl40_ll48_pl0_dm512_nh8_el2_dl1_df2048_expand2_dc4_fc1_ebtimeF_dtTrue_test_0,0.9908,0.05,0.2,0.08,0.9924,0.20833333333333334,1.0,0.3448275862068966
25-03-25_19-36-00anomaly_detection_UCRA_039_UCR_Anomaly_DISTORTEDLab2Cmac011215EPG3_5000_16390_16420.txt_TimeBert_UCRA_ftM_sl40_ll48_pl0_dm512_nh8_el2_dl1_df2048_expand2_dc4_fc1_ebtimeF_dtTrue_test_0,0.9912921348314607,0.03015075376884422,0.2,0.05240174672489083,0.992255216693419,0.13452914798206278,1.0,0.23715415019762845
25-03-25_19-36-01anomaly_detection_UCRA_040_UCR_Anomaly_DISTORTEDLab2Cmac011215EPG4_6000_17390_17520.txt_TimeBert_UCRA_ftM_sl40_ll48_pl0_dm512_nh8_el2_dl1_df2048_expand2_dc4_fc1_ebtimeF_dtTrue_test_0,0.9874376039933445,0.0,0.0,0.0,0.9874376039933445,0.0,0.0,0.0
25-03-25_19-36-01anomaly_detection_UCRA_038_UCR_Anomaly_DISTORTEDLab2Cmac011215EPG2_5000_27862_27932.txt_TimeBert_UCRA_ftM_sl40_ll48_pl0_dm512_nh8_el2_dl1_df2048_expand2_dc4_fc1_ebtimeF_dtTrue_test_0,0.9888443017656501,0.0,0.0,0.0,0.9888443017656501,0.0,0.0,0.0
25-03-25_19-36-04anomaly_detection_UCRA_041_UCR_Anomaly_DISTORTEDLab2Cmac011215EPG5_7000_17390_17520.txt_TimeBert_UCRA_ftM_sl40_ll48_pl0_dm512_nh8_el2_dl1_df2048_expand2_dc4_fc1_ebtimeF_dtTrue_test_0,0.9875,0.0,0.0,0.0,0.9875,0.0,0.0,0.0
25-03-25_19-36-11anomaly_detection_UCRA_042_UCR_Anomaly_DISTORTEDLab2Cmac011215EPG6_7000_12190_12420.txt_TimeBert_UCRA_ftM_sl40_ll48_pl0_dm512_nh8_el2_dl1_df2048_expand2_dc4_fc1_ebtimeF_dtTrue_test_0,0.9841068301225919,0.0,0.0,0.0,0.9841068301225919,0.0,0.0,0.0
25-03-25_19-36-16anomaly_detection_UCRA_043_UCR_Anomaly_DISTORTEDMesoplodonDensirostris_10000_19280_19440.txt_TimeBert_UCRA_ftM_sl40_ll48_pl0_dm512_nh8_el2_dl1_df2048_expand2_dc4_fc1_ebtimeF_dtTrue_test_0,0.9653005464480874,0.05384615384615385,0.13125,0.07636363636363637,0.9747950819672131,0.30245746691871456,1.0,0.4644412191582003
25-03-25_19-36-17anomaly_detection_UCRA_044_UCR_Anomaly_DISTORTEDPowerDemand1_9000_18485_18821.txt_TimeBert_UCRA_ftM_sl40_ll48_pl0_dm512_nh8_el2_dl1_df2048_expand2_dc4_fc1_ebtimeF_dtTrue_test_0,0.9785372848948375,0.0,0.0,0.0,0.9785372848948375,0.0,0.0,0.0
25-03-25_19-36-26anomaly_detection_UCRA_045_UCR_Anomaly_DISTORTEDPowerDemand2_14000_23357_23717.txt_TimeBert_UCRA_ftM_sl40_ll48_pl0_dm512_nh8_el2_dl1_df2048_expand2_dc4_fc1_ebtimeF_dtTrue_test_0,0.9721105527638191,0.0,0.0,0.0,0.9721105527638191,0.0,0.0,0.0
25-03-25_19-36-34anomaly_detection_UCRA_048_UCR_Anomaly_DISTORTEDTkeepFifthMARS_3500_5988_6085.txt_TimeBert_UCRA_ftM_sl40_ll48_pl0_dm512_nh8_el2_dl1_df2048_expand2_dc4_fc1_ebtimeF_dtTrue_test_0,0.9815384615384616,0.0,0.0,0.0,0.9815384615384616,0.0,0.0,0.0
25-03-25_19-36-36anomaly_detection_UCRA_049_UCR_Anomaly_DISTORTEDTkeepFirstMARS_3500_5365_5380.txt_TimeBert_UCRA_ftM_sl40_ll48_pl0_dm512_nh8_el2_dl1_df2048_expand2_dc4_fc1_ebtimeF_dtTrue_test_0,0.9947969543147208,0.0,0.0,0.0,0.9947969543147208,0.0,0.0,0.0
25-03-25_19-36-31anomaly_detection_UCRA_046_UCR_Anomaly_DISTORTEDPowerDemand3_16000_23405_23477.txt_TimeBert_UCRA_ftM_sl40_ll48_pl0_dm512_nh8_el2_dl1_df2048_expand2_dc4_fc1_ebtimeF_dtTrue_test_0,0.9876436781609196,0.0,0.0,0.0,0.9876436781609196,0.0,0.0,0.0
25-03-25_19-36-34anomaly_detection_UCRA_047_UCR_Anomaly_DISTORTEDPowerDemand4_18000_24005_24077.txt_TimeBert_UCRA_ftM_sl40_ll48_pl0_dm512_nh8_el2_dl1_df2048_expand2_dc4_fc1_ebtimeF_dtTrue_test_0,0.9866610738255034,0.0,0.0,0.0,0.9866610738255034,0.0,0.0,0.0
25-03-25_19-36-46anomaly_detection_UCRA_050_UCR_Anomaly_DISTORTEDTkeepForthMARS_3500_5988_6085.txt_TimeBert_UCRA_ftM_sl40_ll48_pl0_dm512_nh8_el2_dl1_df2048_expand2_dc4_fc1_ebtimeF_dtTrue_test_0,0.9835897435897436,0.030303030303030304,0.010309278350515464,0.015384615384615385,0.9958974358974358,0.751937984496124,1.0,0.8584070796460177
25-03-25_19-36-47anomaly_detection_UCRA_051_UCR_Anomaly_DISTORTEDTkeepSecondMARS_3500_9330_9340.txt_TimeBert_UCRA_ftM_sl40_ll48_pl0_dm512_nh8_el2_dl1_df2048_expand2_dc4_fc1_ebtimeF_dtTrue_test_0,0.9944162436548223,0.0,0.0,0.0,0.9944162436548223,0.0,0.0,0.0
25-03-25_19-36-47anomaly_detection_UCRA_052_UCR_Anomaly_DISTORTEDTkeepThirdMARS_3500_4711_4809.txt_TimeBert_UCRA_ftM_sl40_ll48_pl0_dm512_nh8_el2_dl1_df2048_expand2_dc4_fc1_ebtimeF_dtTrue_test_0,0.9834615384615385,0.0,0.0,0.0,0.9834615384615385,0.0,0.0,0.0
25-03-25_19-37-01anomaly_detection_UCRA_053_UCR_Anomaly_DISTORTEDWalkingAceleration1_1500_2764_2995.txt_TimeBert_UCRA_ftM_sl40_ll48_pl0_dm512_nh8_el2_dl1_df2048_expand2_dc4_fc1_ebtimeF_dtTrue_test_0,0.9401162790697675,0.0,0.0,0.0,0.9401162790697675,0.0,0.0,0.0
25-03-25_19-37-02anomaly_detection_UCRA_054_UCR_Anomaly_DISTORTEDWalkingAceleration5_2700_5920_5979.txt_TimeBert_UCRA_ftM_sl40_ll48_pl0_dm512_nh8_el2_dl1_df2048_expand2_dc4_fc1_ebtimeF_dtTrue_test_0,0.9593434343434344,0.009615384615384616,0.01694915254237288,0.012269938650306749,0.973989898989899,0.36419753086419754,1.0,0.5339366515837104
25-03-25_19-37-03anomaly_detection_UCRA_055_UCR_Anomaly_DISTORTEDapneaecg2_10000_20950_21100.txt_TimeBert_UCRA_ftM_sl40_ll48_pl0_dm512_nh8_el2_dl1_df2048_expand2_dc4_fc1_ebtimeF_dtTrue_test_0,0.9851825842696629,0.014285714285714285,0.02666666666666667,0.018604651162790697,0.9903089887640449,0.352112676056338,1.0,0.5208333333333334
25-03-25_19-37-06anomaly_detection_UCRA_056_UCR_Anomaly_DISTORTEDapneaecg3_5000_11111_11211.txt_TimeBert_UCRA_ftM_sl40_ll48_pl0_dm512_nh8_el2_dl1_df2048_expand2_dc4_fc1_ebtimeF_dtTrue_test_0,0.9847122302158273,0.0,0.0,0.0,0.9847122302158273,0.0,0.0,0.0
25-03-25_19-37-06anomaly_detection_UCRA_057_UCR_Anomaly_DISTORTEDapneaecg4_6000_16000_16100.txt_TimeBert_UCRA_ftM_sl40_ll48_pl0_dm512_nh8_el2_dl1_df2048_expand2_dc4_fc1_ebtimeF_dtTrue_test_0,0.987437965260546,0.0,0.0,0.0,0.987437965260546,0.0,0.0,0.0
25-03-25_19-37-12anomaly_detection_UCRA_058_UCR_Anomaly_DISTORTEDapneaecg_10000_12240_12308.txt_TimeBert_UCRA_ftM_sl40_ll48_pl0_dm512_nh8_el2_dl1_df2048_expand2_dc4_fc1_ebtimeF_dtTrue_test_0,0.9879564606741573,0.0,0.0,0.0,0.9879564606741573,0.0,0.0,0.0
25-03-25_19-37-12anomaly_detection_UCRA_059_UCR_Anomaly_DISTORTEDgait1_20000_38500_38800.txt_TimeBert_UCRA_ftM_sl40_ll48_pl0_dm512_nh8_el2_dl1_df2048_expand2_dc4_fc1_ebtimeF_dtTrue_test_0,0.9784444444444444,0.0,0.0,0.0,0.9784444444444444,0.0,0.0,0.0
25-03-25_19-37-12anomaly_detection_UCRA_060_UCR_Anomaly_DISTORTEDgait2_22000_46500_46800.txt_TimeBert_UCRA_ftM_sl40_ll48_pl0_dm512_nh8_el2_dl1_df2048_expand2_dc4_fc1_ebtimeF_dtTrue_test_0,0.9786279069767442,0.011058451816745656,0.023333333333333334,0.015005359056806002,0.9854418604651163,0.32397408207343414,1.0,0.4893964110929853
25-03-25_19-37-26anomaly_detection_UCRA_061_UCR_Anomaly_DISTORTEDgait3_24500_59900_60500.txt_TimeBert_UCRA_ftM_sl40_ll48_pl0_dm512_nh8_el2_dl1_df2048_expand2_dc4_fc1_ebtimeF_dtTrue_test_0,0.9712697628458498,0.020442930153321975,0.02,0.020219039595619208,0.9857954545454546,0.5106382978723404,1.0,0.676056338028169
25-03-25_19-37-27anomaly_detection_UCRA_062_UCR_Anomaly_DISTORTEDgaitHunt1_18500_33070_33180.txt_TimeBert_UCRA_ftM_sl40_ll48_pl0_dm512_nh8_el2_dl1_df2048_expand2_dc4_fc1_ebtimeF_dtTrue_test_0,0.9826956904133685,0.0,0.0,0.0,0.9826956904133685,0.0,0.0,0.0
25-03-25_19-37-47anomaly_detection_UCRA_066_UCR_Anomaly_DISTORTEDinsectEPG2_3700_8000_8025.txt_TimeBert_UCRA_ftM_sl40_ll48_pl0_dm512_nh8_el2_dl1_df2048_expand2_dc4_fc1_ebtimeF_dtTrue_test_0,0.9753184713375797,0.0,0.0,0.0,0.9753184713375797,0.0,0.0,0.0
25-03-25_19-37-48anomaly_detection_UCRA_065_UCR_Anomaly_DISTORTEDinsectEPG1_3000_7000_7030.txt_TimeBert_UCRA_ftM_sl40_ll48_pl0_dm512_nh8_el2_dl1_df2048_expand2_dc4_fc1_ebtimeF_dtTrue_test_0,0.9755714285714285,0.006993006993006993,0.03333333333333333,0.011560693641618497,0.9797142857142858,0.1744186046511628,1.0,0.297029702970297
25-03-25_19-37-37anomaly_detection_UCRA_063_UCR_Anomaly_DISTORTEDgaitHunt2_18500_31200_31850.txt_TimeBert_UCRA_ftM_sl40_ll48_pl0_dm512_nh8_el2_dl1_df2048_expand2_dc4_fc1_ebtimeF_dtTrue_test_0,0.9717897977132806,0.0,0.0,0.0,0.9717897977132806,0.0,0.0,0.0
25-03-25_19-37-51anomaly_detection_UCRA_068_UCR_Anomaly_DISTORTEDinsectEPG4_1300_6508_6558.txt_TimeBert_UCRA_ftM_sl40_ll48_pl0_dm512_nh8_el2_dl1_df2048_expand2_dc4_fc1_ebtimeF_dtTrue_test_0,0.978110599078341,0.0,0.0,0.0,0.978110599078341,0.0,0.0,0.0
25-03-25_19-37-51anomaly_detection_UCRA_067_UCR_Anomaly_DISTORTEDinsectEPG3_5200_7000_7050.txt_TimeBert_UCRA_ftM_sl40_ll48_pl0_dm512_nh8_el2_dl1_df2048_expand2_dc4_fc1_ebtimeF_dtTrue_test_0,0.9684873949579832,0.10317460317460317,0.26,0.14772727272727273,0.9762605042016806,0.3067484662576687,1.0,0.4694835680751174
25-03-25_19-37-41anomaly_detection_UCRA_064_UCR_Anomaly_DISTORTEDgaitHunt3_23400_38400_39200.txt_TimeBert_UCRA_ftM_sl40_ll48_pl0_dm512_nh8_el2_dl1_df2048_expand2_dc4_fc1_ebtimeF_dtTrue_test_0,0.9657142857142857,0.003355704697986577,0.0025,0.0028653295128939827,0.9853694581280789,0.5738880918220947,1.0,0.7292616226071102
25-03-25_19-38-07anomaly_detection_UCRA_069_UCR_Anomaly_DISTORTEDinsectEPG5_3200_8500_8501.txt_TimeBert_UCRA_ftM_sl40_ll48_pl0_dm512_nh8_el2_dl1_df2048_expand2_dc4_fc1_ebtimeF_dtTrue_test_0,0.98,0.0,0.0,0.0,0.98,0.0,0.0,0.0
25-03-25_19-38-06anomaly_detection_UCRA_070_UCR_Anomaly_DISTORTEDltstdbs30791AI_17555_52600_52800.txt_TimeBert_UCRA_ftM_sl40_ll48_pl0_dm512_nh8_el2_dl1_df2048_expand2_dc4_fc1_ebtimeF_dtTrue_test_0,0.9856587136929461,0.04859335038363171,0.095,0.06429780033840947,0.9903526970954357,0.34965034965034963,1.0,0.5181347150259067
25-03-25_19-38-11anomaly_detection_UCRA_071_UCR_Anomaly_DISTORTEDltstdbs30791AS_23000_52600_52800.txt_TimeBert_UCRA_ftM_sl40_ll48_pl0_dm512_nh8_el2_dl1_df2048_expand2_dc4_fc1_ebtimeF_dtTrue_test_0,0.9864375,0.14545454545454545,0.24,0.1811320754716981,0.9911875,0.4149377593360996,1.0,0.5865102639296188
25-03-25_19-38-18anomaly_detection_UCRA_075_UCR_Anomaly_DISTORTEDqtdbSel100MLII_4000_13400_13800.txt_TimeBert_UCRA_ftM_sl40_ll48_pl0_dm512_nh8_el2_dl1_df2048_expand2_dc4_fc1_ebtimeF_dtTrue_test_0,0.9745384615384616,0.011194029850746268,0.0075,0.008982035928143712,0.9898076923076923,0.6015037593984962,1.0,0.7511737089201878
25-03-25_19-38-18anomaly_detection_UCRA_074_UCR_Anomaly_DISTORTEDqtdbSel1005V_4000_12400_12800.txt_TimeBert_UCRA_ftM_sl40_ll48_pl0_dm512_nh8_el2_dl1_df2048_expand2_dc4_fc1_ebtimeF_dtTrue_test_0,0.9745625,0.002403846153846154,0.0025,0.0024509803921568627,0.98703125,0.49079754601226994,1.0,0.6584362139917695
25-03-25_19-38-18anomaly_detection_UCRA_072_UCR_Anomaly_DISTORTEDltstdbs30791ES_20000_52600_52800.txt_TimeBert_UCRA_ftM_sl40_ll48_pl0_dm512_nh8_el2_dl1_df2048_expand2_dc4_fc1_ebtimeF_dtTrue_test_0,0.9823142857142857,0.0,0.0,0.0,0.9823142857142857,0.0,0.0,0.0
25-03-25_19-38-18anomaly_detection_UCRA_073_UCR_Anomaly_DISTORTEDpark3m_60000_72150_72495.txt_TimeBert_UCRA_ftM_sl40_ll48_pl0_dm512_nh8_el2_dl1_df2048_expand2_dc4_fc1_ebtimeF_dtTrue_test_0,0.9760666666666666,0.044009779951100246,0.05217391304347826,0.04774535809018567,0.9869666666666667,0.46875,1.0,0.6382978723404256
25-03-25_19-38-17anomaly_detection_UCRA_076_UCR_Anomaly_DISTORTEDresperation10_48000_130700_131880.txt_TimeBert_UCRA_ftM_sl40_ll48_pl0_dm512_nh8_el2_dl1_df2048_expand2_dc4_fc1_ebtimeF_dtTrue_test_0,0.9859795918367347,0.05639476334340383,0.04745762711864407,0.05154164749194662,0.9936258503401361,0.5573925366084082,1.0,0.7158022444646649
25-03-25_19-38-32anomaly_detection_UCRA_077_UCR_Anomaly_DISTORTEDresperation11_58000_110800_110801.txt_TimeBert_UCRA_ftM_sl40_ll48_pl0_dm512_nh8_el2_dl1_df2048_expand2_dc4_fc1_ebtimeF_dtTrue_test_0,0.9940802919708029,0.0,0.0,0.0,0.9940802919708029,0.0,0.0,0.0
25-03-25_19-39-27anomaly_detection_UCRA_084_UCR_Anomaly_DISTORTEDs20101mML2_12000_35774_35874.txt_TimeBert_UCRA_ftM_sl40_ll48_pl0_dm512_nh8_el2_dl1_df2048_expand2_dc4_fc1_ebtimeF_dtTrue_test_0,0.9888571428571429,0.07258064516129033,0.18,0.10344827586206896,0.9917857142857143,0.30303030303030304,1.0,0.46511627906976744
25-03-25_19-38-53anomaly_detection_UCRA_080_UCR_Anomaly_DISTORTEDresperation2_30000_168250_168251.txt_TimeBert_UCRA_ftM_sl40_ll48_pl0_dm512_nh8_el2_dl1_df2048_expand2_dc4_fc1_ebtimeF_dtTrue_test_0,0.9913896525868533,0.0,0.0,0.0,0.9913896525868533,0.0,0.0,0.0
25-03-25_19-38-48anomaly_detection_UCRA_079_UCR_Anomaly_DISTORTEDresperation2_30000_168250_168250.txt_TimeBert_UCRA_ftM_sl40_ll48_pl0_dm512_nh8_el2_dl1_df2048_expand2_dc4_fc1_ebtimeF_dtTrue_test_0,0.9922547635850388,0.0,0.0,0.0,0.9922547635850388,0.0,0.0,0.0
25-03-25_19-38-53anomaly_detection_UCRA_082_UCR_Anomaly_DISTORTEDresperation4_70000_128430_128431.txt_TimeBert_UCRA_ftM_sl40_ll48_pl0_dm512_nh8_el2_dl1_df2048_expand2_dc4_fc1_ebtimeF_dtTrue_test_0,0.9941711913126796,0.0,0.0,0.0,0.9941711913126796,0.0,0.0,0.0
25-03-25_19-38-52anomaly_detection_UCRA_081_UCR_Anomaly_DISTORTEDresperation3_45000_158250_158251.txt_TimeBert_UCRA_ftM_sl40_ll48_pl0_dm512_nh8_el2_dl1_df2048_expand2_dc4_fc1_ebtimeF_dtTrue_test_0,0.9935897435897436,0.0,0.0,0.0,0.9935897435897436,0.0,0.0,0.0
25-03-25_19-38-48anomaly_detection_UCRA_078_UCR_Anomaly_DISTORTEDresperation1_100000_110260_110412.txt_TimeBert_UCRA_ftM_sl40_ll48_pl0_dm512_nh8_el2_dl1_df2048_expand2_dc4_fc1_ebtimeF_dtTrue_test_0,0.99263,0.0,0.0,0.0,0.99263,0.0,0.0,0.0
25-03-25_19-39-02anomaly_detection_UCRA_083_UCR_Anomaly_DISTORTEDresperation9_38000_143411_143511.txt_TimeBert_UCRA_ftM_sl40_ll48_pl0_dm512_nh8_el2_dl1_df2048_expand2_dc4_fc1_ebtimeF_dtTrue_test_0,0.9915286624203822,0.015748031496062992,0.2,0.029197080291970802,0.9920382165605095,0.07407407407407407,1.0,0.13793103448275862
25-03-25_19-39-47anomaly_detection_UCRA_085_UCR_Anomaly_DISTORTEDs20101m_10000_35774_35874.txt_TimeBert_UCRA_ftM_sl40_ll48_pl0_dm512_nh8_el2_dl1_df2048_expand2_dc4_fc1_ebtimeF_dtTrue_test_0,0.9888666666666667,0.008403361344537815,0.02,0.011834319526627219,0.9921333333333333,0.2976190476190476,1.0,0.45871559633027525
25-03-25_19-40-03anomaly_detection_UCRA_087_UCR_Anomaly_DISTORTEDsel840mECG1_17000_51370_51740.txt_TimeBert_UCRA_ftM_sl40_ll48_pl0_dm512_nh8_el2_dl1_df2048_expand2_dc4_fc1_ebtimeF_dtTrue_test_0,0.9814186046511628,0.01580135440180587,0.01891891891891892,0.017220172201722016,0.9898604651162791,0.45905707196029777,1.0,0.6292517006802721
25-03-25_19-39-58anomaly_detection_UCRA_086_UCR_Anomaly_DISTORTEDsddb49_20000_67950_68200.txt_TimeBert_UCRA_ftM_sl40_ll48_pl0_dm512_nh8_el2_dl1_df2048_expand2_dc4_fc1_ebtimeF_dtTrue_test_0,0.9915166666666667,0.02214022140221402,0.024,0.023032629558541268,0.9955833333333334,0.4854368932038835,1.0,0.6535947712418301
25-03-25_19-40-09anomaly_detection_UCRA_088_UCR_Anomaly_DISTORTEDsel840mECG2_20000_49370_49740.txt_TimeBert_UCRA_ftM_sl40_ll48_pl0_dm512_nh8_el2_dl1_df2048_expand2_dc4_fc1_ebtimeF_dtTrue_test_0,0.9837567567567568,0.004291845493562232,0.002702702702702703,0.003316749585406302,0.9937297297297297,0.6146179401993356,1.0,0.7613168724279835
25-03-25_19-40-09anomaly_detection_UCRA_089_UCR_Anomaly_DISTORTEDtiltAPB1_100000_114283_114350.txt_TimeBert_UCRA_ftM_sl40_ll48_pl0_dm512_nh8_el2_dl1_df2048_expand2_dc4_fc1_ebtimeF_dtTrue_test_0,0.9915333333333334,0.0,0.0,0.0,0.9915333333333334,0.0,0.0,0.0
25-03-25_19-40-23anomaly_detection_UCRA_093_UCR_Anomaly_NOISE1sddb40_35000_52000_52620.txt_TimeBert_UCRA_ftM_sl40_ll48_pl0_dm512_nh8_el2_dl1_df2048_expand2_dc4_fc1_ebtimeF_dtTrue_test_0,0.9773458445040214,0.0,0.0,0.0,0.9773458445040214,0.0,0.0,0.0
25-03-25_19-40-09anomaly_detection_UCRA_090_UCR_Anomaly_DISTORTEDtiltAPB2_50000_124159_124985.txt_TimeBert_UCRA_ftM_sl40_ll48_pl0_dm512_nh8_el2_dl1_df2048_expand2_dc4_fc1_ebtimeF_dtTrue_test_0,0.9833544946673438,0.02729044834307992,0.01694915254237288,0.020911127707244213,0.9936642965972575,0.6233962264150943,1.0,0.7680148768014877
25-03-25_19-40-14anomaly_detection_UCRA_091_UCR_Anomaly_DISTORTEDtiltAPB3_40000_114000_114370.txt_TimeBert_UCRA_ftM_sl40_ll48_pl0_dm512_nh8_el2_dl1_df2048_expand2_dc4_fc1_ebtimeF_dtTrue_test_0,0.9905900759946357,0.0,0.0,0.0,0.9905900759946357,0.0,0.0,0.0
25-03-25_19-40-42anomaly_detection_UCRA_094_UCR_Anomaly_NOISEBIDMC1_2500_5400_5600.txt_TimeBert_UCRA_ftM_sl40_ll48_pl0_dm512_nh8_el2_dl1_df2048_expand2_dc4_fc1_ebtimeF_dtTrue_test_0,0.9670990566037736,0.0,0.0,0.0,0.9670990566037736,0.0,0.0,0.0
25-03-25_19-40-17anomaly_detection_UCRA_092_UCR_Anomaly_DISTORTEDtiltAPB4_20000_67995_67996.txt_TimeBert_UCRA_ftM_sl40_ll48_pl0_dm512_nh8_el2_dl1_df2048_expand2_dc4_fc1_ebtimeF_dtTrue_test_0,0.9932777777777778,0.0,0.0,0.0,0.9932777777777778,0.0,0.0,0.0
25-03-25_19-40-47anomaly_detection_UCRA_095_UCR_Anomaly_NOISECIMIS44AirTemperature4_4000_5549_5597.txt_TimeBert_UCRA_ftM_sl40_ll48_pl0_dm512_nh8_el2_dl1_df2048_expand2_dc4_fc1_ebtimeF_dtTrue_test_0,0.9762019230769231,0.18518518518518517,0.3125,0.23255813953488372,0.9841346153846153,0.42105263157894735,1.0,0.5925925925925926
25-03-25_19-40-49anomaly_detection_UCRA_096_UCR_Anomaly_NOISEECG4_5000_16900_17100.txt_TimeBert_UCRA_ftM_sl40_ll48_pl0_dm512_nh8_el2_dl1_df2048_expand2_dc4_fc1_ebtimeF_dtTrue_test_0,0.98288,0.01694915254237288,0.02,0.01834862385321101,0.99072,0.46296296296296297,1.0,0.6329113924050633
25-03-25_19-41-00anomaly_detection_UCRA_097_UCR_Anomaly_NOISEGP711MarkerLFM5z3_5000_5948_5993.txt_TimeBert_UCRA_ftM_sl40_ll48_pl0_dm512_nh8_el2_dl1_df2048_expand2_dc4_fc1_ebtimeF_dtTrue_test_0,0.9851428571428571,0.0,0.0,0.0,0.9851428571428571,0.0,0.0,0.0
25-03-25_19-41-04anomaly_detection_UCRA_098_UCR_Anomaly_NOISEInternalBleeding16_1200_4187_4199.txt_TimeBert_UCRA_ftM_sl40_ll48_pl0_dm512_nh8_el2_dl1_df2048_expand2_dc4_fc1_ebtimeF_dtTrue_test_0,0.9906050955414013,0.07272727272727272,0.3333333333333333,0.11940298507462686,0.9918789808917198,0.19047619047619047,1.0,0.32
25-03-25_19-41-09anomaly_detection_UCRA_099_UCR_Anomaly_NOISEInternalBleeding6_1500_3474_3629.txt_TimeBert_UCRA_ftM_sl40_ll48_pl0_dm512_nh8_el2_dl1_df2048_expand2_dc4_fc1_ebtimeF_dtTrue_test_0,0.967483660130719,0.0,0.0,0.0,0.967483660130719,0.0,0.0,0.0
25-03-25_19-41-08anomaly_detection_UCRA_101_UCR_Anomaly_NOISELab2Cmac011215EPG4_6000_17390_17520.txt_TimeBert_UCRA_ftM_sl40_ll48_pl0_dm512_nh8_el2_dl1_df2048_expand2_dc4_fc1_ebtimeF_dtTrue_test_0,0.9876455906821964,0.0,0.0,0.0,0.9876455906821964,0.0,0.0,0.0
25-03-25_19-41-10anomaly_detection_UCRA_100_UCR_Anomaly_NOISELab2Cmac011215EPG1_5000_17210_17260.txt_TimeBert_UCRA_ftM_sl40_ll48_pl0_dm512_nh8_el2_dl1_df2048_expand2_dc4_fc1_ebtimeF_dtTrue_test_0,0.99092,0.046153846153846156,0.18,0.07346938775510205,0.99256,0.211864406779661,1.0,0.34965034965034963
25-03-25_19-41-15anomaly_detection_UCRA_103_UCR_Anomaly_NOISETkeepThirdMARS_3500_4711_4809.txt_TimeBert_UCRA_ftM_sl40_ll48_pl0_dm512_nh8_el2_dl1_df2048_expand2_dc4_fc1_ebtimeF_dtTrue_test_0,0.9797435897435898,0.0,0.0,0.0,0.9797435897435898,0.0,0.0,0.0
25-03-25_19-41-15anomaly_detection_UCRA_102_UCR_Anomaly_NOISEMesoplodonDensirostris_10000_19280_19440.txt_TimeBert_UCRA_ftM_sl40_ll48_pl0_dm512_nh8_el2_dl1_df2048_expand2_dc4_fc1_ebtimeF_dtTrue_test_0,0.9668715846994536,0.028985507246376812,0.0625,0.039603960396039604,0.9771174863387978,0.32323232323232326,1.0,0.48854961832061067
25-03-25_19-41-20anomaly_detection_UCRA_104_UCR_Anomaly_NOISEapneaecg4_6000_16000_16100.txt_TimeBert_UCRA_ftM_sl40_ll48_pl0_dm512_nh8_el2_dl1_df2048_expand2_dc4_fc1_ebtimeF_dtTrue_test_0,0.9874069478908188,0.0,0.0,0.0,0.9874069478908188,0.0,0.0,0.0
25-03-25_19-41-33anomaly_detection_UCRA_107_UCR_Anomaly_NOISEinsectEPG3_5200_7000_7050.txt_TimeBert_UCRA_ftM_sl40_ll48_pl0_dm512_nh8_el2_dl1_df2048_expand2_dc4_fc1_ebtimeF_dtTrue_test_0,0.9789915966386554,0.037037037037037035,0.04,0.038461538461538464,0.9890756302521009,0.49019607843137253,1.0,0.6578947368421053
25-03-25_19-41-29anomaly_detection_UCRA_105_UCR_Anomaly_NOISEgait3_24500_59900_60500.txt_TimeBert_UCRA_ftM_sl40_ll48_pl0_dm512_nh8_el2_dl1_df2048_expand2_dc4_fc1_ebtimeF_dtTrue_test_0,0.9740365612648222,0.033126293995859216,0.02666666666666667,0.029547553093259463,0.9884634387351778,0.5623242736644799,1.0,0.7198560287942412
25-03-25_19-41-29anomaly_detection_UCRA_106_UCR_Anomaly_NOISEgaitHunt2_18500_31200_31850.txt_TimeBert_UCRA_ftM_sl40_ll48_pl0_dm512_nh8_el2_dl1_df2048_expand2_dc4_fc1_ebtimeF_dtTrue_test_0,0.9734168865435356,0.0,0.0,0.0,0.9734168865435356,0.0,0.0,0.0
25-03-25_19-41-39anomaly_detection_UCRA_109_UCR_Anomaly_1sddb40_35000_52000_52620.txt_TimeBert_UCRA_ftM_sl40_ll48_pl0_dm512_nh8_el2_dl1_df2048_expand2_dc4_fc1_ebtimeF_dtTrue_test_0,0.9782171581769437,0.0028011204481792717,0.0016129032258064516,0.0020470829068577278,0.9920464700625559,0.6352459016393442,1.0,0.7769423558897243
25-03-25_19-41-54anomaly_detection_UCRA_112_UCR_Anomaly_BIDMC1_2500_5400_5600.txt_TimeBert_UCRA_ftM_sl40_ll48_pl0_dm512_nh8_el2_dl1_df2048_expand2_dc4_fc1_ebtimeF_dtTrue_test_0,0.95625,0.011428571428571429,0.01,0.010666666666666666,0.9795990566037736,0.5361930294906166,1.0,0.6980802792321117
25-03-25_19-41-45anomaly_detection_UCRA_111_UCR_Anomaly_3sddb40_35000_46600_46900.txt_TimeBert_UCRA_ftM_sl40_ll48_pl0_dm512_nh8_el2_dl1_df2048_expand2_dc4_fc1_ebtimeF_dtTrue_test_0,0.9862,0.03206997084548105,0.03666666666666667,0.03421461897356143,0.9926222222222222,0.47468354430379744,1.0,0.6437768240343348
25-03-25_19-41-59anomaly_detection_UCRA_113_UCR_Anomaly_CIMIS44AirTemperature1_4000_5391_5392.txt_TimeBert_UCRA_ftM_sl40_ll48_pl0_dm512_nh8_el2_dl1_df2048_expand2_dc4_fc1_ebtimeF_dtTrue_test_0,0.9882211538461538,0.0,0.0,0.0,0.9882211538461538,0.0,0.0,0.0
25-03-25_19-41-45anomaly_detection_UCRA_110_UCR_Anomaly_2sddb40_35000_56600_56900.txt_TimeBert_UCRA_ftM_sl40_ll48_pl0_dm512_nh8_el2_dl1_df2048_expand2_dc4_fc1_ebtimeF_dtTrue_test_0,0.9859777777777777,0.0,0.0,0.0,0.9859777777777777,0.0,0.0,0.0
25-03-25_19-42-10anomaly_detection_UCRA_114_UCR_Anomaly_CIMIS44AirTemperature2_4000_5703_5727.txt_TimeBert_UCRA_ftM_sl40_ll48_pl0_dm512_nh8_el2_dl1_df2048_expand2_dc4_fc1_ebtimeF_dtTrue_test_0,0.9826923076923076,0.0,0.0,0.0,0.9826923076923076,0.0,0.0,0.0
25-03-25_19-42-15anomaly_detection_UCRA_115_UCR_Anomaly_CIMIS44AirTemperature3_4000_6520_6544.txt_TimeBert_UCRA_ftM_sl40_ll48_pl0_dm512_nh8_el2_dl1_df2048_expand2_dc4_fc1_ebtimeF_dtTrue_test_0,0.9826923076923076,0.0,0.0,0.0,0.9826923076923076,0.0,0.0,0.0
25-03-25_19-42-18anomaly_detection_UCRA_116_UCR_Anomaly_CIMIS44AirTemperature4_4000_5549_5597.txt_TimeBert_UCRA_ftM_sl40_ll48_pl0_dm512_nh8_el2_dl1_df2048_expand2_dc4_fc1_ebtimeF_dtTrue_test_0,0.9798076923076923,0.2,0.25,0.2222222222222222,0.9884615384615385,0.5,1.0,0.6666666666666666
25-03-25_19-42-24anomaly_detection_UCRA_117_UCR_Anomaly_CIMIS44AirTemperature5_4000_4852_4900.txt_TimeBert_UCRA_ftM_sl40_ll48_pl0_dm512_nh8_el2_dl1_df2048_expand2_dc4_fc1_ebtimeF_dtTrue_test_0,0.9766826923076923,0.0,0.0,0.0,0.9766826923076923,0.0,0.0,0.0
25-03-25_19-42-25anomaly_detection_UCRA_118_UCR_Anomaly_CIMIS44AirTemperature6_4000_6006_6054.txt_TimeBert_UCRA_ftM_sl40_ll48_pl0_dm512_nh8_el2_dl1_df2048_expand2_dc4_fc1_ebtimeF_dtTrue_test_0,0.9769230769230769,0.0,0.0,0.0,0.9769230769230769,0.0,0.0,0.0
25-03-25_19-41-40anomaly_detection_UCRA_108_UCR_Anomaly_NOISEresperation2_30000_168250_168250.txt_TimeBert_UCRA_ftM_sl40_ll48_pl0_dm512_nh8_el2_dl1_df2048_expand2_dc4_fc1_ebtimeF_dtTrue_test_0,0.9924782404140202,0.0,0.0,0.0,0.9924782404140202,0.0,0.0,0.0
25-03-25_19-42-24anomaly_detection_UCRA_119_UCR_Anomaly_ECG1_10000_11800_12100.txt_TimeBert_UCRA_ftM_sl40_ll48_pl0_dm512_nh8_el2_dl1_df2048_expand2_dc4_fc1_ebtimeF_dtTrue_test_0,0.9734,0.03968253968253968,0.03333333333333333,0.036231884057971016,0.9879,0.5535055350553506,1.0,0.7125890736342043
25-03-25_19-42-36anomaly_detection_UCRA_120_UCR_Anomaly_ECG2_15000_16000_16100.txt_TimeBert_UCRA_ftM_sl40_ll48_pl0_dm512_nh8_el2_dl1_df2048_expand2_dc4_fc1_ebtimeF_dtTrue_test_0,0.9813333333333333,0.016129032258064516,0.03,0.02097902097902098,0.9878,0.35335689045936397,1.0,0.5221932114882507
25-03-25_19-42-37anomaly_detection_UCRA_121_UCR_Anomaly_ECG3_15000_16000_16100.txt_TimeBert_UCRA_ftM_sl40_ll48_pl0_dm512_nh8_el2_dl1_df2048_expand2_dc4_fc1_ebtimeF_dtTrue_test_0,0.9847333333333333,0.0,0.0,0.0,0.9847333333333333,0.0,0.0,0.0
25-03-25_19-42-40anomaly_detection_UCRA_122_UCR_Anomaly_ECG3_8000_17000_17100.txt_TimeBert_UCRA_ftM_sl40_ll48_pl0_dm512_nh8_el2_dl1_df2048_expand2_dc4_fc1_ebtimeF_dtTrue_test_0,0.9866818181818182,0.0,0.0,0.0,0.9866818181818182,0.0,0.0,0.0
25-03-25_19-42-49anomaly_detection_UCRA_125_UCR_Anomaly_ECG4_5000_17000_17100.txt_TimeBert_UCRA_ftM_sl40_ll48_pl0_dm512_nh8_el2_dl1_df2048_expand2_dc4_fc1_ebtimeF_dtTrue_test_0,0.9866,0.008368200836820083,0.02,0.011799410029498525,0.99052,0.29673590504451036,1.0,0.4576659038901602
25-03-25_19-42-51anomaly_detection_UCRA_124_UCR_Anomaly_ECG4_5000_16900_17100.txt_TimeBert_UCRA_ftM_sl40_ll48_pl0_dm512_nh8_el2_dl1_df2048_expand2_dc4_fc1_ebtimeF_dtTrue_test_0,0.9826,0.008368200836820083,0.01,0.009111617312072893,0.99052,0.4576659038901602,1.0,0.6279434850863422
25-03-25_19-42-56anomaly_detection_UCRA_127_UCR_Anomaly_GP711MarkerLFM5z1_5000_6168_6212.txt_TimeBert_UCRA_ftM_sl40_ll48_pl0_dm512_nh8_el2_dl1_df2048_expand2_dc4_fc1_ebtimeF_dtTrue_test_0,0.9822857142857143,0.0,0.0,0.0,0.9822857142857143,0.0,0.0,0.0
25-03-25_19-42-55anomaly_detection_UCRA_126_UCR_Anomaly_ECG4_8000_17000_17100.txt_TimeBert_UCRA_ftM_sl40_ll48_pl0_dm512_nh8_el2_dl1_df2048_expand2_dc4_fc1_ebtimeF_dtTrue_test_0,0.9866818181818182,0.0,0.0,0.0,0.9866818181818182,0.0,0.0,0.0
25-03-25_19-43-06anomaly_detection_UCRA_128_UCR_Anomaly_GP711MarkerLFM5z2_5000_7175_7388.txt_TimeBert_UCRA_ftM_sl40_ll48_pl0_dm512_nh8_el2_dl1_df2048_expand2_dc4_fc1_ebtimeF_dtTrue_test_0,0.9581428571428572,0.0,0.0,0.0,0.9581428571428572,0.0,0.0,0.0
25-03-25_19-43-06anomaly_detection_UCRA_129_UCR_Anomaly_GP711MarkerLFM5z3_5000_5948_5993.txt_TimeBert_UCRA_ftM_sl40_ll48_pl0_dm512_nh8_el2_dl1_df2048_expand2_dc4_fc1_ebtimeF_dtTrue_test_0,0.9825714285714285,0.05747126436781609,0.1111111111111111,0.07575757575757576,0.9882857142857143,0.3543307086614173,1.0,0.5232558139534884
25-03-25_19-43-16anomaly_detection_UCRA_130_UCR_Anomaly_GP711MarkerLFM5z4_4000_6527_6645.txt_TimeBert_UCRA_ftM_sl40_ll48_pl0_dm512_nh8_el2_dl1_df2048_expand2_dc4_fc1_ebtimeF_dtTrue_test_0,0.978625,0.18072289156626506,0.1271186440677966,0.14925373134328357,0.9915,0.6344086021505376,1.0,0.7763157894736842
25-03-25_19-43-20anomaly_detection_UCRA_131_UCR_Anomaly_GP711MarkerLFM5z5_5000_8612_8716.txt_TimeBert_UCRA_ftM_sl40_ll48_pl0_dm512_nh8_el2_dl1_df2048_expand2_dc4_fc1_ebtimeF_dtTrue_test_0,0.9758571428571429,0.15053763440860216,0.1346153846153846,0.14213197969543148,0.9887142857142858,0.5683060109289617,1.0,0.7247386759581882
25-03-25_19-43-27anomaly_detection_UCRA_132_UCR_Anomaly_InternalBleeding10_3200_4526_4556.txt_TimeBert_UCRA_ftM_sl40_ll48_pl0_dm512_nh8_el2_dl1_df2048_expand2_dc4_fc1_ebtimeF_dtTrue_test_0,0.9845794392523365,0.0,0.0,0.0,0.9845794392523365,0.0,0.0,0.0
25-03-25_19-43-27anomaly_detection_UCRA_133_UCR_Anomaly_InternalBleeding14_2800_5607_5634.txt_TimeBert_UCRA_ftM_sl40_ll48_pl0_dm512_nh8_el2_dl1_df2048_expand2_dc4_fc1_ebtimeF_dtTrue_test_0,0.9841880341880341,0.0,0.0,0.0,0.9841880341880341,0.0,0.0,0.0
25-03-25_19-43-31anomaly_detection_UCRA_135_UCR_Anomaly_InternalBleeding16_1200_4187_4199.txt_TimeBert_UCRA_ftM_sl40_ll48_pl0_dm512_nh8_el2_dl1_df2048_expand2_dc4_fc1_ebtimeF_dtTrue_test_0,0.9885350318471338,0.10526315789473684,0.6666666666666666,0.18181818181818182,0.989171974522293,0.15,1.0,0.2608695652173913
25-03-25_19-43-32anomaly_detection_UCRA_136_UCR_Anomaly_InternalBleeding17_1600_3198_3309.txt_TimeBert_UCRA_ftM_sl40_ll48_pl0_dm512_nh8_el2_dl1_df2048_expand2_dc4_fc1_ebtimeF_dtTrue_test_0,0.9744897959183674,0.27058823529411763,0.2072072072072072,0.23469387755102042,0.9894557823129252,0.6416184971098265,1.0,0.7816901408450704
25-03-25_19-43-32anomaly_detection_UCRA_134_UCR_Anomaly_InternalBleeding15_1700_5684_5854.txt_TimeBert_UCRA_ftM_sl40_ll48_pl0_dm512_nh8_el2_dl1_df2048_expand2_dc4_fc1_ebtimeF_dtTrue_test_0,0.9625850340136054,0.0,0.0,0.0,0.9625850340136054,0.0,0.0,0.0
25-03-25_19-42-46anomaly_detection_UCRA_123_UCR_Anomaly_ECG4_5000_16800_17100.txt_TimeBert_UCRA_ftM_sl40_ll48_pl0_dm512_nh8_el2_dl1_df2048_expand2_dc4_fc1_ebtimeF_dtTrue_test_0,0.9876564102564103,0.012042612320518759,0.08666666666666667,0.0211468076453843,0.9890615384615384,0.12330456226880394,1.0,0.21953896816684962
25-03-25_19-43-47anomaly_detection_UCRA_137_UCR_Anomaly_InternalBleeding18_2300_4485_4587.txt_TimeBert_UCRA_ftM_sl40_ll48_pl0_dm512_nh8_el2_dl1_df2048_expand2_dc4_fc1_ebtimeF_dtTrue_test_0,0.9686538461538462,0.015873015873015872,0.00980392156862745,0.012121212121212121,0.9880769230769231,0.6219512195121951,1.0,0.7669172932330827
25-03-25_19-43-51anomaly_detection_UCRA_138_UCR_Anomaly_InternalBleeding19_3000_4187_4197.txt_TimeBert_UCRA_ftM_sl40_ll48_pl0_dm512_nh8_el2_dl1_df2048_expand2_dc4_fc1_ebtimeF_dtTrue_test_0,0.9850446428571429,0.0,0.0,0.0,0.9850446428571429,0.0,0.0,0.0
25-03-25_19-43-57anomaly_detection_UCRA_141_UCR_Anomaly_InternalBleeding5_4000_6200_6370.txt_TimeBert_UCRA_ftM_sl40_ll48_pl0_dm512_nh8_el2_dl1_df2048_expand2_dc4_fc1_ebtimeF_dtTrue_test_0,0.945,0.2571428571428571,0.052941176470588235,0.08780487804878048,0.9923529411764705,0.8673469387755102,1.0,0.9289617486338798
25-03-25_19-43-57anomaly_detection_UCRA_139_UCR_Anomaly_InternalBleeding20_2700_5759_5919.txt_TimeBert_UCRA_ftM_sl40_ll48_pl0_dm512_nh8_el2_dl1_df2048_expand2_dc4_fc1_ebtimeF_dtTrue_test_0,0.9541666666666667,0.0,0.0,0.0,0.9541666666666667,0.0,0.0,0.0
25-03-25_19-43-57anomaly_detection_UCRA_142_UCR_Anomaly_InternalBleeding6_1500_3474_3629.txt_TimeBert_UCRA_ftM_sl40_ll48_pl0_dm512_nh8_el2_dl1_df2048_expand2_dc4_fc1_ebtimeF_dtTrue_test_0,0.967483660130719,0.0,0.0,0.0,0.967483660130719,0.0,0.0,0.0
25-03-25_19-43-57anomaly_detection_UCRA_140_UCR_Anomaly_InternalBleeding4_1000_4675_5033.txt_TimeBert_UCRA_ftM_sl40_ll48_pl0_dm512_nh8_el2_dl1_df2048_expand2_dc4_fc1_ebtimeF_dtTrue_test_0,0.9401898734177215,0.35714285714285715,0.06983240223463687,0.11682242990654206,0.992879746835443,0.8883374689826302,1.0,0.9408672798948752
25-03-25_19-44-02anomaly_detection_UCRA_143_UCR_Anomaly_InternalBleeding8_2500_5865_5974.txt_TimeBert_UCRA_ftM_sl40_ll48_pl0_dm512_nh8_el2_dl1_df2048_expand2_dc4_fc1_ebtimeF_dtTrue_test_0,0.9684,0.0,0.0,0.0,0.9684,0.0,0.0,0.0
25-03-25_19-44-11anomaly_detection_UCRA_144_UCR_Anomaly_InternalBleeding9_4200_6599_6681.txt_TimeBert_UCRA_ftM_sl40_ll48_pl0_dm512_nh8_el2_dl1_df2048_expand2_dc4_fc1_ebtimeF_dtTrue_test_0,0.9646341463414634,0.0,0.0,0.0,0.9646341463414634,0.0,0.0,0.0
25-03-25_19-44-17anomaly_detection_UCRA_146_UCR_Anomaly_Lab2Cmac011215EPG2_5000_27862_27932.txt_TimeBert_UCRA_ftM_sl40_ll48_pl0_dm512_nh8_el2_dl1_df2048_expand2_dc4_fc1_ebtimeF_dtTrue_test_0,0.9891252006420546,0.0,0.0,0.0,0.9891252006420546,0.0,0.0,0.0
25-03-25_19-44-17anomaly_detection_UCRA_145_UCR_Anomaly_Lab2Cmac011215EPG1_5000_17210_17260.txt_TimeBert_UCRA_ftM_sl40_ll48_pl0_dm512_nh8_el2_dl1_df2048_expand2_dc4_fc1_ebtimeF_dtTrue_test_0,0.99128,0.05319148936170213,0.2,0.08403361344537816,0.99288,0.21929824561403508,1.0,0.3597122302158273
25-03-25_19-44-27anomaly_detection_UCRA_151_UCR_Anomaly_MesoplodonDensirostris_10000_19280_19440.txt_TimeBert_UCRA_ftM_sl40_ll48_pl0_dm512_nh8_el2_dl1_df2048_expand2_dc4_fc1_ebtimeF_dtTrue_test_0,0.9635245901639344,0.05048076923076923,0.13125,0.07291666666666667,0.9730191256830601,0.2882882882882883,1.0,0.44755244755244755
25-03-25_19-44-26anomaly_detection_UCRA_148_UCR_Anomaly_Lab2Cmac011215EPG4_6000_17390_17520.txt_TimeBert_UCRA_ftM_sl40_ll48_pl0_dm512_nh8_el2_dl1_df2048_expand2_dc4_fc1_ebtimeF_dtTrue_test_0,0.9875207986688852,0.0,0.0,0.0,0.9875207986688852,0.0,0.0,0.0
25-03-25_19-44-27anomaly_detection_UCRA_150_UCR_Anomaly_Lab2Cmac011215EPG6_7000_12190_12420.txt_TimeBert_UCRA_ftM_sl40_ll48_pl0_dm512_nh8_el2_dl1_df2048_expand2_dc4_fc1_ebtimeF_dtTrue_test_0,0.9837127845884414,0.0,0.0,0.0,0.9837127845884414,0.0,0.0,0.0
25-03-25_19-44-27anomaly_detection_UCRA_147_UCR_Anomaly_Lab2Cmac011215EPG3_5000_16390_16420.txt_TimeBert_UCRA_ftM_sl40_ll48_pl0_dm512_nh8_el2_dl1_df2048_expand2_dc4_fc1_ebtimeF_dtTrue_test_0,0.9908507223113965,0.02857142857142857,0.2,0.05,0.9918138041733547,0.1282051282051282,1.0,0.22727272727272727
25-03-25_19-44-27anomaly_detection_UCRA_149_UCR_Anomaly_Lab2Cmac011215EPG5_7000_17390_17520.txt_TimeBert_UCRA_ftM_sl40_ll48_pl0_dm512_nh8_el2_dl1_df2048_expand2_dc4_fc1_ebtimeF_dtTrue_test_0,0.9873684210526316,0.0,0.0,0.0,0.9873684210526316,0.0,0.0,0.0
25-03-25_19-44-35anomaly_detection_UCRA_152_UCR_Anomaly_PowerDemand1_9000_18485_18821.txt_TimeBert_UCRA_ftM_sl40_ll48_pl0_dm512_nh8_el2_dl1_df2048_expand2_dc4_fc1_ebtimeF_dtTrue_test_0,0.9787762906309752,0.0,0.0,0.0,0.9787762906309752,0.0,0.0,0.0
25-03-25_19-44-48anomaly_detection_UCRA_153_UCR_Anomaly_PowerDemand2_14000_23357_23717.txt_TimeBert_UCRA_ftM_sl40_ll48_pl0_dm512_nh8_el2_dl1_df2048_expand2_dc4_fc1_ebtimeF_dtTrue_test_0,0.972675879396985,0.0,0.0,0.0,0.972675879396985,0.0,0.0,0.0
25-03-25_19-44-56anomaly_detection_UCRA_158_UCR_Anomaly_TkeepForthMARS_3500_5988_6085.txt_TimeBert_UCRA_ftM_sl40_ll48_pl0_dm512_nh8_el2_dl1_df2048_expand2_dc4_fc1_ebtimeF_dtTrue_test_0,0.9838461538461538,0.03225806451612903,0.010309278350515464,0.015625,0.9961538461538462,0.7637795275590551,1.0,0.8660714285714286
25-03-25_19-44-53anomaly_detection_UCRA_154_UCR_Anomaly_PowerDemand3_16000_23405_23477.txt_TimeBert_UCRA_ftM_sl40_ll48_pl0_dm512_nh8_el2_dl1_df2048_expand2_dc4_fc1_ebtimeF_dtTrue_test_0,0.9887931034482759,0.0,0.0,0.0,0.9887931034482759,0.0,0.0,0.0
25-03-25_19-44-57anomaly_detection_UCRA_156_UCR_Anomaly_TkeepFifthMARS_3500_5988_6085.txt_TimeBert_UCRA_ftM_sl40_ll48_pl0_dm512_nh8_el2_dl1_df2048_expand2_dc4_fc1_ebtimeF_dtTrue_test_0,0.9837179487179487,0.0,0.0,0.0,0.9837179487179487,0.0,0.0,0.0
25-03-25_19-44-57anomaly_detection_UCRA_157_UCR_Anomaly_TkeepFirstMARS_3500_5365_5380.txt_TimeBert_UCRA_ftM_sl40_ll48_pl0_dm512_nh8_el2_dl1_df2048_expand2_dc4_fc1_ebtimeF_dtTrue_test_0,0.9947969543147208,0.0,0.0,0.0,0.9947969543147208,0.0,0.0,0.0
25-03-25_19-44-57anomaly_detection_UCRA_155_UCR_Anomaly_PowerDemand4_18000_24005_24077.txt_TimeBert_UCRA_ftM_sl40_ll48_pl0_dm512_nh8_el2_dl1_df2048_expand2_dc4_fc1_ebtimeF_dtTrue_test_0,0.9885067114093959,0.0,0.0,0.0,0.9885067114093959,0.0,0.0,0.0
25-03-25_19-45-02anomaly_detection_UCRA_159_UCR_Anomaly_TkeepSecondMARS_3500_9330_9340.txt_TimeBert_UCRA_ftM_sl40_ll48_pl0_dm512_nh8_el2_dl1_df2048_expand2_dc4_fc1_ebtimeF_dtTrue_test_0,0.9954314720812183,0.0,0.0,0.0,0.9954314720812183,0.0,0.0,0.0
25-03-25_19-45-08anomaly_detection_UCRA_160_UCR_Anomaly_TkeepThirdMARS_3500_4711_4809.txt_TimeBert_UCRA_ftM_sl40_ll48_pl0_dm512_nh8_el2_dl1_df2048_expand2_dc4_fc1_ebtimeF_dtTrue_test_0,0.9841025641025641,0.0,0.0,0.0,0.9841025641025641,0.0,0.0,0.0
25-03-25_19-45-23anomaly_detection_UCRA_161_UCR_Anomaly_WalkingAceleration1_1500_2764_2995.txt_TimeBert_UCRA_ftM_sl40_ll48_pl0_dm512_nh8_el2_dl1_df2048_expand2_dc4_fc1_ebtimeF_dtTrue_test_0,0.9401162790697675,0.0,0.0,0.0,0.9401162790697675,0.0,0.0,0.0
25-03-25_19-45-26anomaly_detection_UCRA_162_UCR_Anomaly_WalkingAceleration5_2700_5920_5979.txt_TimeBert_UCRA_ftM_sl40_ll48_pl0_dm512_nh8_el2_dl1_df2048_expand2_dc4_fc1_ebtimeF_dtTrue_test_0,0.9590909090909091,0.009523809523809525,0.01694915254237288,0.012195121951219513,0.9737373737373738,0.3619631901840491,1.0,0.5315315315315315
25-03-25_19-45-25anomaly_detection_UCRA_163_UCR_Anomaly_apneaecg2_10000_20950_21100.txt_TimeBert_UCRA_ftM_sl40_ll48_pl0_dm512_nh8_el2_dl1_df2048_expand2_dc4_fc1_ebtimeF_dtTrue_test_0,0.9852879213483146,0.01444043321299639,0.02666666666666667,0.01873536299765808,0.9904143258426966,0.3546099290780142,1.0,0.5235602094240838
25-03-25_19-45-23anomaly_detection_UCRA_164_UCR_Anomaly_apneaecg3_5000_11111_11211.txt_TimeBert_UCRA_ftM_sl40_ll48_pl0_dm512_nh8_el2_dl1_df2048_expand2_dc4_fc1_ebtimeF_dtTrue_test_0,0.9848021582733812,0.0,0.0,0.0,0.9848021582733812,0.0,0.0,0.0
25-03-25_19-45-30anomaly_detection_UCRA_166_UCR_Anomaly_apneaecg_10000_12240_12308.txt_TimeBert_UCRA_ftM_sl40_ll48_pl0_dm512_nh8_el2_dl1_df2048_expand2_dc4_fc1_ebtimeF_dtTrue_test_0,0.9879915730337079,0.0,0.0,0.0,0.9879915730337079,0.0,0.0,0.0
25-03-25_19-45-29anomaly_detection_UCRA_165_UCR_Anomaly_apneaecg4_6000_16000_16100.txt_TimeBert_UCRA_ftM_sl40_ll48_pl0_dm512_nh8_el2_dl1_df2048_expand2_dc4_fc1_ebtimeF_dtTrue_test_0,0.9875,0.0,0.0,0.0,0.9875,0.0,0.0,0.0
25-03-25_19-45-31anomaly_detection_UCRA_167_UCR_Anomaly_gait1_20000_38500_38800.txt_TimeBert_UCRA_ftM_sl40_ll48_pl0_dm512_nh8_el2_dl1_df2048_expand2_dc4_fc1_ebtimeF_dtTrue_test_0,0.978,0.0,0.0,0.0,0.978,0.0,0.0,0.0
25-03-25_19-45-39anomaly_detection_UCRA_168_UCR_Anomaly_gait2_22000_46500_46800.txt_TimeBert_UCRA_ftM_sl40_ll48_pl0_dm512_nh8_el2_dl1_df2048_expand2_dc4_fc1_ebtimeF_dtTrue_test_0,0.979,0.011345218800648298,0.023333333333333334,0.015267175572519083,0.9858139534883721,0.32967032967032966,1.0,0.49586776859504134
25-03-25_19-46-06anomaly_detection_UCRA_174_UCR_Anomaly_insectEPG2_3700_8000_8025.txt_TimeBert_UCRA_ftM_sl40_ll48_pl0_dm512_nh8_el2_dl1_df2048_expand2_dc4_fc1_ebtimeF_dtTrue_test_0,0.972452229299363,0.0,0.0,0.0,0.972452229299363,0.0,0.0,0.0
25-03-25_19-46-05anomaly_detection_UCRA_173_UCR_Anomaly_insectEPG1_3000_7000_7030.txt_TimeBert_UCRA_ftM_sl40_ll48_pl0_dm512_nh8_el2_dl1_df2048_expand2_dc4_fc1_ebtimeF_dtTrue_test_0,0.9735714285714285,0.006369426751592357,0.03333333333333333,0.0106951871657754,0.9777142857142858,0.16129032258064516,1.0,0.2777777777777778
25-03-25_19-45-54anomaly_detection_UCRA_169_UCR_Anomaly_gait3_24500_59900_60500.txt_TimeBert_UCRA_ftM_sl40_ll48_pl0_dm512_nh8_el2_dl1_df2048_expand2_dc4_fc1_ebtimeF_dtTrue_test_0,0.9709239130434782,0.019966722129783693,0.02,0.019983347210657785,0.985449604743083,0.5046257359125316,1.0,0.6707657909446618
25-03-25_19-45-55anomaly_detection_UCRA_170_UCR_Anomaly_gaitHunt1_18500_33070_33180.txt_TimeBert_UCRA_ftM_sl40_ll48_pl0_dm512_nh8_el2_dl1_df2048_expand2_dc4_fc1_ebtimeF_dtTrue_test_0,0.9832673702726473,0.0,0.0,0.0,0.9832673702726473,0.0,0.0,0.0
25-03-25_19-46-00anomaly_detection_UCRA_171_UCR_Anomaly_gaitHunt2_18500_31200_31850.txt_TimeBert_UCRA_ftM_sl40_ll48_pl0_dm512_nh8_el2_dl1_df2048_expand2_dc4_fc1_ebtimeF_dtTrue_test_0,0.9714819700967459,0.0,0.0,0.0,0.9714819700967459,0.0,0.0,0.0
25-03-25_19-46-00anomaly_detection_UCRA_172_UCR_Anomaly_gaitHunt3_23400_38400_39200.txt_TimeBert_UCRA_ftM_sl40_ll48_pl0_dm512_nh8_el2_dl1_df2048_expand2_dc4_fc1_ebtimeF_dtTrue_test_0,0.966256157635468,0.006920415224913495,0.005,0.005805515239477504,0.9858620689655172,0.5822416302765647,1.0,0.7359705611775529
25-03-25_19-46-13anomaly_detection_UCRA_175_UCR_Anomaly_insectEPG3_5200_7000_7050.txt_TimeBert_UCRA_ftM_sl40_ll48_pl0_dm512_nh8_el2_dl1_df2048_expand2_dc4_fc1_ebtimeF_dtTrue_test_0,0.9657563025210084,0.1048951048951049,0.3,0.15544041450777202,0.973109243697479,0.2808988764044944,1.0,0.43859649122807015
25-03-25_19-46-24anomaly_detection_UCRA_176_UCR_Anomaly_insectEPG4_1300_6508_6558.txt_TimeBert_UCRA_ftM_sl40_ll48_pl0_dm512_nh8_el2_dl1_df2048_expand2_dc4_fc1_ebtimeF_dtTrue_test_0,0.9783410138248848,0.0,0.0,0.0,0.9783410138248848,0.0,0.0,0.0
25-03-25_19-46-34anomaly_detection_UCRA_177_UCR_Anomaly_insectEPG5_3200_8500_8501.txt_TimeBert_UCRA_ftM_sl40_ll48_pl0_dm512_nh8_el2_dl1_df2048_expand2_dc4_fc1_ebtimeF_dtTrue_test_0,0.9779411764705882,0.0,0.0,0.0,0.9779411764705882,0.0,0.0,0.0
25-03-25_19-46-33anomaly_detection_UCRA_178_UCR_Anomaly_ltstdbs30791AI_17555_52600_52800.txt_TimeBert_UCRA_ftM_sl40_ll48_pl0_dm512_nh8_el2_dl1_df2048_expand2_dc4_fc1_ebtimeF_dtTrue_test_0,0.9856587136929461,0.04155844155844156,0.08,0.0547008547008547,0.9904304979253112,0.351493848857645,1.0,0.5201560468140443
25-03-25_19-46-33anomaly_detection_UCRA_179_UCR_Anomaly_ltstdbs30791AS_23000_52600_52800.txt_TimeBert_UCRA_ftM_sl40_ll48_pl0_dm512_nh8_el2_dl1_df2048_expand2_dc4_fc1_ebtimeF_dtTrue_test_0,0.9865,0.14634146341463414,0.24,0.18181818181818182,0.99125,0.4166666666666667,1.0,0.5882352941176471
25-03-25_19-46-40anomaly_detection_UCRA_183_UCR_Anomaly_qtdbSel100MLII_4000_13400_13800.txt_TimeBert_UCRA_ftM_sl40_ll48_pl0_dm512_nh8_el2_dl1_df2048_expand2_dc4_fc1_ebtimeF_dtTrue_test_0,0.9744615384615385,0.011111111111111112,0.0075,0.008955223880597015,0.9897307692307692,0.5997001499250375,1.0,0.7497656982193065
25-03-25_19-46-38anomaly_detection_UCRA_182_UCR_Anomaly_qtdbSel1005V_4000_12400_12800.txt_TimeBert_UCRA_ftM_sl40_ll48_pl0_dm512_nh8_el2_dl1_df2048_expand2_dc4_fc1_ebtimeF_dtTrue_test_0,0.97471875,0.0024330900243309003,0.0025,0.002466091245376079,0.9871875,0.49382716049382713,1.0,0.6611570247933884
25-03-25_19-46-38anomaly_detection_UCRA_180_UCR_Anomaly_ltstdbs30791ES_20000_52600_52800.txt_TimeBert_UCRA_ftM_sl40_ll48_pl0_dm512_nh8_el2_dl1_df2048_expand2_dc4_fc1_ebtimeF_dtTrue_test_0,0.9824857142857143,0.0,0.0,0.0,0.9824857142857143,0.0,0.0,0.0
25-03-25_19-46-40anomaly_detection_UCRA_181_UCR_Anomaly_park3m_60000_72150_72495.txt_TimeBert_UCRA_ftM_sl40_ll48_pl0_dm512_nh8_el2_dl1_df2048_expand2_dc4_fc1_ebtimeF_dtTrue_test_0,0.9745,0.024886877828054297,0.03188405797101449,0.02795425667090216,0.9856333333333334,0.44458762886597936,1.0,0.6155218554861731
25-03-25_19-46-50anomaly_detection_UCRA_184_UCR_Anomaly_resperation10_48000_130700_131880.txt_TimeBert_UCRA_ftM_sl40_ll48_pl0_dm512_nh8_el2_dl1_df2048_expand2_dc4_fc1_ebtimeF_dtTrue_test_0,0.9884149659863946,0.11487481590574374,0.06610169491525424,0.08391608391608392,0.9959115646258503,0.6625491297024144,1.0,0.7970280310705843
25-03-25_19-47-11anomaly_detection_UCRA_186_UCR_Anomaly_resperation1_100000_110260_110412.txt_TimeBert_UCRA_ftM_sl40_ll48_pl0_dm512_nh8_el2_dl1_df2048_expand2_dc4_fc1_ebtimeF_dtTrue_test_0,0.99405,0.0,0.0,0.0,0.99405,0.0,0.0,0.0
25-03-25_19-47-10anomaly_detection_UCRA_187_UCR_Anomaly_resperation2_30000_168250_168250.txt_TimeBert_UCRA_ftM_sl40_ll48_pl0_dm512_nh8_el2_dl1_df2048_expand2_dc4_fc1_ebtimeF_dtTrue_test_0,0.9931663138085156,0.0,0.0,0.0,0.9931663138085156,0.0,0.0,0.0
25-03-25_19-47-15anomaly_detection_UCRA_190_UCR_Anomaly_resperation4_70000_128430_128431.txt_TimeBert_UCRA_ftM_sl40_ll48_pl0_dm512_nh8_el2_dl1_df2048_expand2_dc4_fc1_ebtimeF_dtTrue_test_0,0.9960236346215267,0.0,0.0,0.0,0.9960236346215267,0.0,0.0,0.0
25-03-25_19-47-17anomaly_detection_UCRA_188_UCR_Anomaly_resperation2_30000_168250_168251.txt_TimeBert_UCRA_ftM_sl40_ll48_pl0_dm512_nh8_el2_dl1_df2048_expand2_dc4_fc1_ebtimeF_dtTrue_test_0,0.9928892776805799,0.0,0.0,0.0,0.9928892776805799,0.0,0.0,0.0
25-03-25_19-47-16anomaly_detection_UCRA_189_UCR_Anomaly_resperation3_45000_158250_158251.txt_TimeBert_UCRA_ftM_sl40_ll48_pl0_dm512_nh8_el2_dl1_df2048_expand2_dc4_fc1_ebtimeF_dtTrue_test_0,0.9946167631651502,0.0,0.0,0.0,0.9946167631651502,0.0,0.0,0.0
25-03-25_19-47-05anomaly_detection_UCRA_185_UCR_Anomaly_resperation11_58000_110800_110801.txt_TimeBert_UCRA_ftM_sl40_ll48_pl0_dm512_nh8_el2_dl1_df2048_expand2_dc4_fc1_ebtimeF_dtTrue_test_0,0.9964014598540146,0.0,0.0,0.0,0.9964014598540146,0.0,0.0,0.0
25-03-25_19-47-29anomaly_detection_UCRA_191_UCR_Anomaly_resperation9_38000_143411_143511.txt_TimeBert_UCRA_ftM_sl40_ll48_pl0_dm512_nh8_el2_dl1_df2048_expand2_dc4_fc1_ebtimeF_dtTrue_test_0,0.9929171974522293,0.027985074626865673,0.3,0.051194539249146756,0.9933630573248408,0.08756567425569177,1.0,0.1610305958132045
25-03-25_19-48-10anomaly_detection_UCRA_192_UCR_Anomaly_s20101mML2_12000_35774_35874.txt_TimeBert_UCRA_ftM_sl40_ll48_pl0_dm512_nh8_el2_dl1_df2048_expand2_dc4_fc1_ebtimeF_dtTrue_test_0,0.98875,0.06827309236947791,0.17,0.09742120343839542,0.9917142857142857,0.30120481927710846,1.0,0.46296296296296297
25-03-25_19-48-19anomaly_detection_UCRA_193_UCR_Anomaly_s20101m_10000_35774_35874.txt_TimeBert_UCRA_ftM_sl40_ll48_pl0_dm512_nh8_el2_dl1_df2048_expand2_dc4_fc1_ebtimeF_dtTrue_test_0,0.9889666666666667,0.00851063829787234,0.02,0.011940298507462687,0.9922333333333333,0.3003003003003003,1.0,0.4618937644341801
25-03-25_19-48-25anomaly_detection_UCRA_194_UCR_Anomaly_sddb49_20000_67950_68200.txt_TimeBert_UCRA_ftM_sl40_ll48_pl0_dm512_nh8_el2_dl1_df2048_expand2_dc4_fc1_ebtimeF_dtTrue_test_0,0.9915666666666667,0.018796992481203006,0.02,0.01937984496124031,0.99565,0.4892367906066536,1.0,0.657030223390276
25-03-25_19-48-31anomaly_detection_UCRA_195_UCR_Anomaly_sel840mECG1_17000_51370_51740.txt_TimeBert_UCRA_ftM_sl40_ll48_pl0_dm512_nh8_el2_dl1_df2048_expand2_dc4_fc1_ebtimeF_dtTrue_test_0,0.9812325581395349,0.015521064301552107,0.01891891891891892,0.01705237515225335,0.9896744186046512,0.45454545454545453,1.0,0.625
25-03-25_19-48-36anomaly_detection_UCRA_196_UCR_Anomaly_sel840mECG2_20000_49370_49740.txt_TimeBert_UCRA_ftM_sl40_ll48_pl0_dm512_nh8_el2_dl1_df2048_expand2_dc4_fc1_ebtimeF_dtTrue_test_0,0.9838648648648649,0.004366812227074236,0.002702702702702703,0.00333889816360601,0.9938378378378379,0.6187290969899666,1.0,0.7644628099173554
25-03-25_19-48-36anomaly_detection_UCRA_197_UCR_Anomaly_tiltAPB1_100000_114283_114350.txt_TimeBert_UCRA_ftM_sl40_ll48_pl0_dm512_nh8_el2_dl1_df2048_expand2_dc4_fc1_ebtimeF_dtTrue_test_0,0.9918,0.0,0.0,0.0,0.9918,0.0,0.0,0.0
25-03-25_19-48-55anomaly_detection_UCRA_201_UCR_Anomaly_CHARISfive_10000_17001_17016.txt_TimeBert_UCRA_ftM_sl40_ll48_pl0_dm512_nh8_el2_dl1_df2048_expand2_dc4_fc1_ebtimeF_dtTrue_test_0,0.9983397190293742,0.0,0.0,0.0,0.9983397190293742,0.0,0.0,0.0
25-03-25_19-48-44anomaly_detection_UCRA_200_UCR_Anomaly_tiltAPB4_20000_67995_67996.txt_TimeBert_UCRA_ftM_sl40_ll48_pl0_dm512_nh8_el2_dl1_df2048_expand2_dc4_fc1_ebtimeF_dtTrue_test_0,0.9934444444444445,0.0,0.0,0.0,0.9934444444444445,0.0,0.0,0.0
25-03-25_19-48-42anomaly_detection_UCRA_198_UCR_Anomaly_tiltAPB2_50000_124159_124985.txt_TimeBert_UCRA_ftM_sl40_ll48_pl0_dm512_nh8_el2_dl1_df2048_expand2_dc4_fc1_ebtimeF_dtTrue_test_0,0.9833037074657186,0.030710172744721688,0.01937046004842615,0.023756495916852263,0.9935881157948198,0.6205860255447032,1.0,0.7658785350023181
25-03-25_19-48-42anomaly_detection_UCRA_199_UCR_Anomaly_tiltAPB3_40000_114000_114370.txt_TimeBert_UCRA_ftM_sl40_ll48_pl0_dm512_nh8_el2_dl1_df2048_expand2_dc4_fc1_ebtimeF_dtTrue_test_0,0.9902101028162718,0.0,0.0,0.0,0.9902101028162718,0.0,0.0,0.0
25-03-25_19-49-09anomaly_detection_UCRA_203_UCR_Anomaly_CHARISfive_10500_10995_11028.txt_TimeBert_UCRA_ftM_sl40_ll48_pl0_dm512_nh8_el2_dl1_df2048_expand2_dc4_fc1_ebtimeF_dtTrue_test_0,0.9921171171171171,0.0,0.0,0.0,0.9921171171171171,0.0,0.0,0.0
25-03-25_19-49-10anomaly_detection_UCRA_202_UCR_Anomaly_CHARISfive_10411_10998_11028.txt_TimeBert_UCRA_ftM_sl40_ll48_pl0_dm512_nh8_el2_dl1_df2048_expand2_dc4_fc1_ebtimeF_dtTrue_test_0,0.9985969387755103,0.0,0.0,0.0,0.9985969387755103,0.0,0.0,0.0
25-03-25_19-49-14anomaly_detection_UCRA_204_UCR_Anomaly_CHARISfive_12412_15000_15070.txt_TimeBert_UCRA_ftM_sl40_ll48_pl0_dm512_nh8_el2_dl1_df2048_expand2_dc4_fc1_ebtimeF_dtTrue_test_0,0.9971921515561569,0.0,0.0,0.0,0.9971921515561569,0.0,0.0,0.0
25-03-25_19-49-30anomaly_detection_UCRA_205_UCR_Anomaly_CHARISfive_9812_28995_29085.txt_TimeBert_UCRA_ftM_sl40_ll48_pl0_dm512_nh8_el2_dl1_df2048_expand2_dc4_fc1_ebtimeF_dtTrue_test_0,0.996404793608522,0.0,0.0,0.0,0.996404793608522,0.0,0.0,0.0
25-03-25_19-49-31anomaly_detection_UCRA_206_UCR_Anomaly_CHARISten_25130_29080_29140.txt_TimeBert_UCRA_ftM_sl40_ll48_pl0_dm512_nh8_el2_dl1_df2048_expand2_dc4_fc1_ebtimeF_dtTrue_test_0,0.9918646080760095,0.012658227848101266,0.016666666666666666,0.014388489208633094,0.9953681710213776,0.43478260869565216,1.0,0.6060606060606061
25-03-25_19-49-41anomaly_detection_UCRA_208_UCR_Anomaly_CHARISten_5130_27929_27989.txt_TimeBert_UCRA_ftM_sl40_ll48_pl0_dm512_nh8_el2_dl1_df2048_expand2_dc4_fc1_ebtimeF_dtTrue_test_0,0.9874860022396417,0.005115089514066497,0.03333333333333333,0.008869179600886918,0.9891097424412094,0.133630289532294,1.0,0.2357563850687623
25-03-25_19-49-40anomaly_detection_UCRA_207_UCR_Anomaly_CHARISten_3165_26929_26989.txt_TimeBert_UCRA_ftM_sl40_ll48_pl0_dm512_nh8_el2_dl1_df2048_expand2_dc4_fc1_ebtimeF_dtTrue_test_0,0.9827971646673936,0.0,0.0,0.0,0.9827971646673936,0.0,0.0,0.0
25-03-25_19-49-47anomaly_detection_UCRA_212_UCR_Anomaly_Italianpowerdemand_8913_29480_29504.txt_TimeBert_UCRA_ftM_sl40_ll48_pl0_dm512_nh8_el2_dl1_df2048_expand2_dc4_fc1_ebtimeF_dtTrue_test_0,0.9897142857142858,0.0,0.0,0.0,0.9897142857142858,0.0,0.0,0.0
25-03-25_19-49-40anomaly_detection_UCRA_209_UCR_Anomaly_Fantasia_19000_26970_27270.txt_TimeBert_UCRA_ftM_sl40_ll48_pl0_dm512_nh8_el2_dl1_df2048_expand2_dc4_fc1_ebtimeF_dtTrue_test_0,0.9883287671232877,0.005376344086021506,0.01,0.006993006993006993,0.9923972602739726,0.3508771929824561,1.0,0.5194805194805194
25-03-25_19-49-45anomaly_detection_UCRA_211_UCR_Anomaly_Italianpowerdemand_38113_39240_39336.txt_TimeBert_UCRA_ftM_sl40_ll48_pl0_dm512_nh8_el2_dl1_df2048_expand2_dc4_fc1_ebtimeF_dtTrue_test_0,0.9779101178781925,0.0023378141437755697,0.041666666666666664,0.004427227448810182,0.9790397838899804,0.05324459234608985,1.0,0.10110584518167456
25-03-25_19-49-44anomaly_detection_UCRA_210_UCR_Anomaly_Italianpowerdemand_36123_74900_74996.txt_TimeBert_UCRA_ftM_sl40_ll48_pl0_dm512_nh8_el2_dl1_df2048_expand2_dc4_fc1_ebtimeF_dtTrue_test_0,0.9953991395793499,0.003436426116838488,0.010416666666666666,0.00516795865633075,0.9965344168260039,0.24870466321243523,1.0,0.3983402489626556
25-03-25_19-50-16anomaly_detection_UCRA_216_UCR_Anomaly_STAFFIIIDatabase_37216_160720_161370.txt_TimeBert_UCRA_ftM_sl40_ll48_pl0_dm512_nh8_el2_dl1_df2048_expand2_dc4_fc1_ebtimeF_dtTrue_test_0,0.9870050258909534,0.010626992561105207,0.046153846153846156,0.017276130146847105,0.989365671641791,0.1887888469358118,1.0,0.3176154409968239
25-03-25_19-50-17anomaly_detection_UCRA_217_UCR_Anomaly_STAFFIIIDatabase_38211_150720_151370.txt_TimeBert_UCRA_ftM_sl40_ll48_pl0_dm512_nh8_el2_dl1_df2048_expand2_dc4_fc1_ebtimeF_dtTrue_test_0,0.9875420746634027,0.0,0.0,0.0,0.9875420746634027,0.0,0.0,0.0
25-03-25_19-50-07anomaly_detection_UCRA_214_UCR_Anomaly_STAFFIIIDatabase_34211_125720_126370.txt_TimeBert_UCRA_ftM_sl40_ll48_pl0_dm512_nh8_el2_dl1_df2048_expand2_dc4_fc1_ebtimeF_dtTrue_test_0,0.9874924653405666,0.0,0.0,0.0,0.9874924653405666,0.0,0.0,0.0
25-03-25_19-50-07anomaly_detection_UCRA_213_UCR_Anomaly_STAFFIIIDatabase_33211_126920_127370.txt_TimeBert_UCRA_ftM_sl40_ll48_pl0_dm512_nh8_el2_dl1_df2048_expand2_dc4_fc1_ebtimeF_dtTrue_test_0,0.98759559154296,0.012947189097103918,0.08444444444444445,0.022451994091580503,0.9891400509821563,0.134448760083657,1.0,0.237029233605478
25-03-25_19-50-17anomaly_detection_UCRA_215_UCR_Anomaly_STAFFIIIDatabase_36276_106720_107370.txt_TimeBert_UCRA_ftM_sl40_ll48_pl0_dm512_nh8_el2_dl1_df2048_expand2_dc4_fc1_ebtimeF_dtTrue_test_0,0.9865063713592233,0.0,0.0,0.0,0.9865063713592233,0.0,0.0,0.0
25-03-25_19-50-38anomaly_detection_UCRA_219_UCR_Anomaly_STAFFIIIDatabase_41612_64632_64852.txt_TimeBert_UCRA_ftM_sl40_ll48_pl0_dm512_nh8_el2_dl1_df2048_expand2_dc4_fc1_ebtimeF_dtTrue_test_0,0.9881099922540666,0.0027913468248429866,0.03636363636363636,0.005184705119896306,0.9889310611928738,0.0714749837556855,1.0,0.1334141904184354
25-03-25_19-50-31anomaly_detection_UCRA_218_UCR_Anomaly_STAFFIIIDatabase_41117_210720_211370.txt_TimeBert_UCRA_ftM_sl40_ll48_pl0_dm512_nh8_el2_dl1_df2048_expand2_dc4_fc1_ebtimeF_dtTrue_test_0,0.9864064914992272,0.004492052522460262,0.02,0.007336343115124154,0.9888678516228748,0.18408382894364203,1.0,0.31093039942597467
25-03-25_19-50-41anomaly_detection_UCRA_220_UCR_Anomaly_STAFFIIIDatabase_43217_250720_251370.txt_TimeBert_UCRA_ftM_sl40_ll48_pl0_dm512_nh8_el2_dl1_df2048_expand2_dc4_fc1_ebtimeF_dtTrue_test_0,0.9874376364203306,0.005001923816852636,0.02,0.008002462296091105,0.9899204864359215,0.20086526576019778,1.0,0.33453422542460115
25-03-25_19-52-24anomaly_detection_UCRA_227_UCR_Anomaly_mit14134longtermecg_11231_29000_29100.txt_TimeBert_UCRA_ftM_sl40_ll48_pl0_dm512_nh8_el2_dl1_df2048_expand2_dc4_fc1_ebtimeF_dtTrue_test_0,0.990820149875104,0.0,0.0,0.0,0.990820149875104,0.0,0.0,0.0
25-03-25_19-52-26anomaly_detection_UCRA_228_UCR_Anomaly_mit14134longtermecg_11361_47830_47850.txt_TimeBert_UCRA_ftM_sl40_ll48_pl0_dm512_nh8_el2_dl1_df2048_expand2_dc4_fc1_ebtimeF_dtTrue_test_0,0.990189075630252,0.0,0.0,0.0,0.990189075630252,0.0,0.0,0.0
25-03-25_19-52-06anomaly_detection_UCRA_224_UCR_Anomaly_mit14046longtermecg_76123_191200_191700.txt_TimeBert_UCRA_ftM_sl40_ll48_pl0_dm512_nh8_el2_dl1_df2048_expand2_dc4_fc1_ebtimeF_dtTrue_test_0,0.9840695792880259,0.004051316677920324,0.012,0.006057546693589096,0.9880663430420712,0.25316455696202533,1.0,0.40404040404040403
25-03-25_19-52-17anomaly_detection_UCRA_225_UCR_Anomaly_mit14046longtermecg_81214_143000_143300.txt_TimeBert_UCRA_ftM_sl40_ll48_pl0_dm512_nh8_el2_dl1_df2048_expand2_dc4_fc1_ebtimeF_dtTrue_test_0,0.9868221623442236,0.003142183817753339,0.013333333333333334,0.0050858232676414495,0.9893145840350286,0.19120458891013384,1.0,0.32102728731942215
25-03-25_19-52-08anomaly_detection_UCRA_223_UCR_Anomaly_mit14046longtermecg_74123_131200_131700.txt_TimeBert_UCRA_ftM_sl40_ll48_pl0_dm512_nh8_el2_dl1_df2048_expand2_dc4_fc1_ebtimeF_dtTrue_test_0,0.9815700301204819,0.0,0.0,0.0,0.9815700301204819,0.0,0.0,0.0
25-03-25_19-52-19anomaly_detection_UCRA_226_UCR_Anomaly_mit14046longtermecg_96123_123000_123300.txt_TimeBert_UCRA_ftM_sl40_ll48_pl0_dm512_nh8_el2_dl1_df2048_expand2_dc4_fc1_ebtimeF_dtTrue_test_0,0.9936700767263427,0.125,0.16333333333333333,0.1416184971098266,0.99634484228474,0.4665629860031104,1.0,0.6362672322375398
25-03-25_19-52-01anomaly_detection_UCRA_222_UCR_Anomaly_mit14046longtermecg_56123_91200_91700.txt_TimeBert_UCRA_ftM_sl40_ll48_pl0_dm512_nh8_el2_dl1_df2048_expand2_dc4_fc1_ebtimeF_dtTrue_test_0,0.9845648815653965,0.012332990750256937,0.048,0.019623875715453803,0.9876287332646756,0.20644095788604458,1.0,0.34223134839151265
25-03-25_19-53-01anomaly_detection_UCRA_229_UCR_Anomaly_mit14134longtermecg_16363_57960_57970.txt_TimeBert_UCRA_ftM_sl40_ll48_pl0_dm512_nh8_el2_dl1_df2048_expand2_dc4_fc1_ebtimeF_dtTrue_test_0,0.9892018779342723,0.0,0.0,0.0,0.9892018779342723,0.0,0.0,0.0
25-03-25_19-53-07anomaly_detection_UCRA_230_UCR_Anomaly_mit14134longtermecg_19363_19510_19610.txt_TimeBert_UCRA_ftM_sl40_ll48_pl0_dm512_nh8_el2_dl1_df2048_expand2_dc4_fc1_ebtimeF_dtTrue_test_0,0.9846212121212121,0.0019569471624266144,0.01,0.0032733224222585926,0.9871212121212121,0.16393442622950818,1.0,0.28169014084507044
25-03-25_19-51-53anomaly_detection_UCRA_221_UCR_Anomaly_STAFFIIIDatabase_45616_163632_164852.txt_TimeBert_UCRA_ftM_sl40_ll48_pl0_dm512_nh8_el2_dl1_df2048_expand2_dc4_fc1_ebtimeF_dtTrue_test_0,0.9839189616967394,0.0021008403361344537,0.004918032786885246,0.002944062806673209,0.9887226970560304,0.29975429975429974,1.0,0.4612476370510397
25-03-25_19-53-14anomaly_detection_UCRA_231_UCR_Anomaly_mit14134longtermecg_8763_47530_47790.txt_TimeBert_UCRA_ftM_sl40_ll48_pl0_dm512_nh8_el2_dl1_df2048_expand2_dc4_fc1_ebtimeF_dtTrue_test_0,0.9884262948207171,0.0030959752321981426,0.0038461538461538464,0.003430531732418525,0.993585657370518,0.44673539518900346,1.0,0.6175771971496437
25-03-25_19-53-18anomaly_detection_UCRA_232_UCR_Anomaly_mit14134longtermecg_8763_57530_57790.txt_TimeBert_UCRA_ftM_sl40_ll48_pl0_dm512_nh8_el2_dl1_df2048_expand2_dc4_fc1_ebtimeF_dtTrue_test_0,0.9885458167330677,0.009345794392523364,0.011538461538461539,0.010327022375215147,0.9936653386454183,0.44982698961937717,1.0,0.6205250596658711
25-03-25_19-53-24anomaly_detection_UCRA_235_UCR_Anomaly_mit14157longtermecg_18913_75450_75451.txt_TimeBert_UCRA_ftM_sl40_ll48_pl0_dm512_nh8_el2_dl1_df2048_expand2_dc4_fc1_ebtimeF_dtTrue_test_0,0.9905308831036242,0.0013458950201884253,1.0,0.002688172043010753,0.9905308831036242,0.0013458950201884253,1.0,0.002688172043010753
25-03-25_19-53-25anomaly_detection_UCRA_234_UCR_Anomaly_mit14157longtermecg_18913_24600_24601.txt_TimeBert_UCRA_ftM_sl40_ll48_pl0_dm512_nh8_el2_dl1_df2048_expand2_dc4_fc1_ebtimeF_dtTrue_test_0,0.991950852557673,0.0,0.0,0.0,0.991950852557673,0.0,0.0,0.0
25-03-25_19-53-24anomaly_detection_UCRA_233_UCR_Anomaly_mit14157longtermecg_18913_24500_24501.txt_TimeBert_UCRA_ftM_sl40_ll48_pl0_dm512_nh8_el2_dl1_df2048_expand2_dc4_fc1_ebtimeF_dtTrue_test_0,0.9851274403470716,0.0,0.0,0.0,0.9851274403470716,0.0,0.0,0.0
25-03-25_19-53-39anomaly_detection_UCRA_236_UCR_Anomaly_mit14157longtermecg_19313_46350_46390.txt_TimeBert_UCRA_ftM_sl40_ll48_pl0_dm512_nh8_el2_dl1_df2048_expand2_dc4_fc1_ebtimeF_dtTrue_test_0,0.9865216271884655,0.0,0.0,0.0,0.9865216271884655,0.0,0.0,0.0
25-03-25_19-53-55anomaly_detection_UCRA_237_UCR_Anomaly_mit14157longtermecg_19313_89560_90370.txt_TimeBert_UCRA_ftM_sl40_ll48_pl0_dm512_nh8_el2_dl1_df2048_expand2_dc4_fc1_ebtimeF_dtTrue_test_0,0.9766735324407827,0.002976190476190476,0.003703703703703704,0.0033003300330033004,0.987062306900103,0.4462809917355372,1.0,0.6171428571428571
25-03-25_19-53-55anomaly_detection_UCRA_238_UCR_Anomaly_mit14157longtermecg_21311_72600_72780.txt_TimeBert_UCRA_ftM_sl40_ll48_pl0_dm512_nh8_el2_dl1_df2048_expand2_dc4_fc1_ebtimeF_dtTrue_test_0,0.982299176107106,0.006606110652353427,0.044444444444444446,0.011502516175413372,0.9845133882595263,0.1301518438177874,1.0,0.23032629558541268
25-03-25_19-54-18anomaly_detection_UCRA_243_UCR_Anomaly_tilt12744mtable_100000_203355_203400.txt_TimeBert_UCRA_ftM_sl40_ll48_pl0_dm512_nh8_el2_dl1_df2048_expand2_dc4_fc1_ebtimeF_dtTrue_test_0,0.9963666666666666,0.0,0.0,0.0,0.9963666666666666,0.0,0.0,0.0
25-03-25_19-54-18anomaly_detection_UCRA_242_UCR_Anomaly_tilt12744mtable_100000_104630_104890.txt_TimeBert_UCRA_ftM_sl40_ll48_pl0_dm512_nh8_el2_dl1_df2048_expand2_dc4_fc1_ebtimeF_dtTrue_test_0,0.9957136733819117,0.0,0.0,0.0,0.9957136733819117,0.0,0.0,0.0
25-03-25_19-54-29anomaly_detection_UCRA_244_UCR_Anomaly_tilt12754table_100013_104630_104890.txt_TimeBert_UCRA_ftM_sl40_ll48_pl0_dm512_nh8_el2_dl1_df2048_expand2_dc4_fc1_ebtimeF_dtTrue_test_0,0.9940970834998002,0.0,0.0,0.0,0.9940970834998002,0.0,0.0,0.0
25-03-25_19-55-54anomaly_detection_UCRA_248_UCR_Anomaly_weallwalk_2000_4702_4707.txt_TimeBert_UCRA_ftM_sl40_ll48_pl0_dm512_nh8_el2_dl1_df2048_expand2_dc4_fc1_ebtimeF_dtTrue_test_0,0.9990625,0.0,0.0,0.0,0.9990625,0.0,0.0,0.0
25-03-25_19-54-45anomaly_detection_UCRA_245_UCR_Anomaly_tilt12754table_100211_270800_271070.txt_TimeBert_UCRA_ftM_sl40_ll48_pl0_dm512_nh8_el2_dl1_df2048_expand2_dc4_fc1_ebtimeF_dtTrue_test_0,0.9942121700584324,0.010033444816053512,0.03333333333333333,0.015424164524421594,0.9955268990529922,0.23316062176165803,1.0,0.37815126050420167
25-03-25_19-56-09anomaly_detection_UCRA_249_UCR_Anomaly_weallwalk_2753_8285_8315.txt_TimeBert_UCRA_ftM_sl40_ll48_pl0_dm512_nh8_el2_dl1_df2048_expand2_dc4_fc1_ebtimeF_dtTrue_test_0,0.9961340206185567,0.0,0.0,0.0,0.9961340206185567,0.0,0.0,0.0
25-03-25_19-54-50anomaly_detection_UCRA_246_UCR_Anomaly_tilt12755mtable_100211_270800_271070.txt_TimeBert_UCRA_ftM_sl40_ll48_pl0_dm512_nh8_el2_dl1_df2048_expand2_dc4_fc1_ebtimeF_dtTrue_test_0,0.9887747946303346,0.002523977788995457,0.018518518518518517,0.00444247001332741,0.990102183931076,0.12021371326803205,1.0,0.21462639109697934
25-03-25_19-56-21anomaly_detection_UCRA_250_UCR_Anomaly_weallwalk_2951_7290_7296.txt_TimeBert_UCRA_ftM_sl40_ll48_pl0_dm512_nh8_el2_dl1_df2048_expand2_dc4_fc1_ebtimeF_dtTrue_test_0,0.9991978609625668,0.0,0.0,0.0,0.9991978609625668,0.0,0.0,0.0
25-03-25_19-55-40anomaly_detection_UCRA_247_UCR_Anomaly_tilt12755mtable_50211_121900_121980.txt_TimeBert_UCRA_ftM_sl40_ll48_pl0_dm512_nh8_el2_dl1_df2048_expand2_dc4_fc1_ebtimeF_dtTrue_test_0,0.9859642094017094,0.0,0.0,0.0,0.9859642094017094,0.0,0.0,0.0
25-03-25_19-53-58anomaly_detection_UCRA_239_UCR_Anomaly_taichidbS0715Master_190037_593450_593514.txt_TimeBert_UCRA_ftM_sl40_ll48_pl0_dm512_nh8_el2_dl1_df2048_expand2_dc4_fc1_ebtimeF_dtTrue_test_0,0.9897540983606558,0.0,0.0,0.0,0.9897540983606558,0.0,0.0,0.0
25-03-25_19-54-04anomaly_detection_UCRA_240_UCR_Anomaly_taichidbS0715Master_240030_884100_884200.txt_TimeBert_UCRA_ftM_sl40_ll48_pl0_dm512_nh8_el2_dl1_df2048_expand2_dc4_fc1_ebtimeF_dtTrue_test_0,0.9899781804957877,0.0015304560759106215,0.1,0.0030147723846849564,0.990114552397115,0.015096618357487922,1.0,0.0297441998810232
25-03-25_19-54-08anomaly_detection_UCRA_241_UCR_Anomaly_taichidbS0715Master_250000_837400_839100.txt_TimeBert_UCRA_ftM_sl40_ll48_pl0_dm512_nh8_el2_dl1_df2048_expand2_dc4_fc1_ebtimeF_dtTrue_test_0,0.9870107692307692,0.0,0.0,0.0,0.9870107692307692,0.0,0.0,0.0
